/*
Navicat MySQL Data Transfer

Source Server         : con
Source Server Version : 50505
Source Host           : localhost:3306
Source Database       : cloudlesson

Target Server Type    : MYSQL
Target Server Version : 50505
File Encoding         : 65001

Date: 2016-07-10 22:33:12
*/

SET FOREIGN_KEY_CHECKS=0;

-- ----------------------------
-- Table structure for course
-- ----------------------------
DROP TABLE IF EXISTS `course`;
CREATE TABLE `course` (
  `id` int(11) NOT NULL AUTO_INCREMENT,
  `name` varchar(255) DEFAULT NULL,
  `course_id` varchar(100) NOT NULL,
  `url` varchar(100) NOT NULL,
  PRIMARY KEY (`id`),
  UNIQUE KEY `course_id` (`course_id`)
) ENGINE=InnoDB AUTO_INCREMENT=62 DEFAULT CHARSET=utf8;

-- ----------------------------
-- Records of course
-- ----------------------------
INSERT INTO `course` VALUES ('1', '程序设计入门—Java语言', 'ZJU-1000002014', 'http://mooc.study.163.com/course/ZJU-1000002014');
INSERT INTO `course` VALUES ('2', 'Java语言程序设计进阶', 'ZJU-1000004001', 'http://mooc.study.163.com/course/ZJU-1000004001');
INSERT INTO `course` VALUES ('3', '程序设计入门—C语言', 'ZJU-1000002011', 'http://mooc.study.163.com/course/ZJU-1000002011');
INSERT INTO `course` VALUES ('4', 'C语言程序设计进阶', 'ZJU-1000004000', 'http://mooc.study.163.com/course/ZJU-1000004000');
INSERT INTO `course` VALUES ('5', '程序设计入门—Python', 'HIT-1000002017', 'http://mooc.study.163.com/course/HIT-1000002017');
INSERT INTO `course` VALUES ('6', '计算机专业导论', 'hit-437006', 'http://www.icourse163.org/course/hit-437006');
INSERT INTO `course` VALUES ('7', '计算机专业导论之思维与系统', 'HIT-1000003008', 'http://mooc.study.163.com/course/HIT-1000003008');
INSERT INTO `course` VALUES ('8', '计算机专业导论之语言与算法', 'HIT-1000004007', 'http://mooc.study.163.com/course/HIT-1000004007');
INSERT INTO `course` VALUES ('9', '计算机专业导论之学科与专业', 'HIT-1000004008', 'http://mooc.study.163.com/course/HIT-1000004008');
INSERT INTO `course` VALUES ('10', '工科数学分析（一）', 'hit-153001', 'http://www.icourse163.org/course/hit-153001');
INSERT INTO `course` VALUES ('11', '工科数学分析（二）', 'hit-207002', 'http://www.icourse163.org/course/hit-207002');
INSERT INTO `course` VALUES ('12', 'C++程序设计入门(上)', 'BUPT-1000003015', 'http://mooc.study.163.com/course/BUPT-1000003015');
INSERT INTO `course` VALUES ('13', 'C++程序设计入门(下)', 'BUPT-1000005002', 'http://mooc.study.163.com/course/BUPT-1000005002');
INSERT INTO `course` VALUES ('14', '数据结构', 'ZJU-1000033001', 'http://mooc.study.163.com/course/ZJU-1000033001');
INSERT INTO `course` VALUES ('15', 'C#程序设计(上)', 'PKU-1000003003', 'http://mooc.study.163.com/course/PKU-1000003003');
INSERT INTO `course` VALUES ('16', 'C#程序设计(下)', 'PKU-1000003006', 'http://mooc.study.163.com/course/PKU-1000003006');
INSERT INTO `course` VALUES ('17', '计算机组成原理之机器', 'HIT-1000002002', 'http://mooc.study.163.com/course/HIT-1000002002');
INSERT INTO `course` VALUES ('18', '计算机组成原理之数字', 'HIT-1000003000', 'http://mooc.study.163.com/course/HIT-1000003000');
INSERT INTO `course` VALUES ('19', '计算机组成原理之CPU', 'HIT-1000002003', 'http://mooc.study.163.com/course/HIT-1000002003');
INSERT INTO `course` VALUES ('20', '算法设计与分析之入门篇', 'HIT-1000002012', 'http://mooc.study.163.com/course/HIT-1000002012');
INSERT INTO `course` VALUES ('21', '算法设计与分析之进阶篇', 'HIT-1000005000', 'http://mooc.study.163.com/course/HIT-1000005000');
INSERT INTO `course` VALUES ('22', '算法设计与分析之高级篇', 'HIT-1000004002', 'http://mooc.study.163.com/course/HIT-1000004002');
INSERT INTO `course` VALUES ('23', '算法设计与分析之随机算法篇', 'HIT-1000004003', 'http://mooc.study.163.com/course/HIT-1000004003');
INSERT INTO `course` VALUES ('24', '算法设计与分析之近似算法篇', 'HIT-1000005001', 'http://mooc.study.163.com/course/HIT-1000005001');
INSERT INTO `course` VALUES ('25', '算法设计与分析之大数据算法篇', 'HIT-1000004006', 'http://mooc.study.163.com/course/HIT-1000004006');
INSERT INTO `course` VALUES ('26', '算法设计与分析专题之计算几何篇', 'HIT-1000004004', 'http://mooc.study.163.com/course/HIT-1000004004');
INSERT INTO `course` VALUES ('27', '算法设计与分析专题之组合优化篇', 'HIT-1000004005', 'http://mooc.study.163.com/course/HIT-1000004005');
INSERT INTO `course` VALUES ('28', '离散数学基础', 'SYSU-1000002018', 'http://mooc.study.163.com/course/SYSU-1000002018');
INSERT INTO `course` VALUES ('29', '概率论与数理统计', 'NJU-1000031001', 'http://mooc.study.163.com/course/NJU-1000031001');
INSERT INTO `course` VALUES ('30', '软件工程（C编码实践篇）', 'USTC-1000002006', 'http://mooc.study.163.com/course/USTC-1000002006');
INSERT INTO `course` VALUES ('31', '软件工程（OO分析与设计篇）', 'USTC-1000003012', 'http://mooc.study.163.com/course/USTC-1000003012');
INSERT INTO `course` VALUES ('32', '软件工程（过程与管理篇）', 'USTC-1000003013', 'http://mooc.study.163.com/course/USTC-1000003013');
INSERT INTO `course` VALUES ('33', '编译原理', 'USTC-1000002001', 'http://mooc.study.163.com/course/USTC-1000002001');
INSERT INTO `course` VALUES ('34', '操作系统之基础', 'HIT-1000002004', 'http://mooc.study.163.com/course/HIT-1000002004');
INSERT INTO `course` VALUES ('35', '操作系统之进程与线程', 'HIT-1000002008', 'http://mooc.study.163.com/course/HIT-1000002008');
INSERT INTO `course` VALUES ('36', '操作系统之内存管理', 'HIT-1000003007', 'http://mooc.study.163.com/course/HIT-1000003007');
INSERT INTO `course` VALUES ('37', '操作系统之外设与文件系统', 'HIT-1000002009', 'http://mooc.study.163.com/course/HIT-1000002009');
INSERT INTO `course` VALUES ('38', '计算机网络之网尽其用', 'HIT-1000002010', 'http://mooc.study.163.com/course/HIT-1000002010');
INSERT INTO `course` VALUES ('39', '计算机网络之探赜索隐', 'HIT-1000004012', 'http://mooc.study.163.com/course/HIT-1000004012');
INSERT INTO `course` VALUES ('40', '计算机网络之危机四伏', 'HIT-1000005009', 'http://mooc.study.163.com/course/HIT-1000005009');
INSERT INTO `course` VALUES ('41', '计算机网络之基础链路', 'SYSU-1000003010', 'http://mooc.study.163.com/course/SYSU-1000003010');
INSERT INTO `course` VALUES ('42', '计算机网络之构造互联网', 'SYSU-1000002015', 'http://mooc.study.163.com/course/SYSU-1000002015');
INSERT INTO `course` VALUES ('43', '计算机网络之高阶应用', 'SYSU-1000003011', 'http://mooc.study.163.com/course/SYSU-1000003011');
INSERT INTO `course` VALUES ('44', '数据库系统原理', 'ZJU-1000031000', 'http://mooc.study.163.com/course/ZJU-1000031000');
INSERT INTO `course` VALUES ('45', '数据库系统（上）', 'hit-1001516002', 'http://www.icourse163.org/course/hit-1001516002');
INSERT INTO `course` VALUES ('46', '数据库系统（中）', 'hit-1001554030', 'http://www.icourse163.org/course/hit-1001554030');
INSERT INTO `course` VALUES ('47', '数据库系统（下）', 'hit-1001578001', 'http://www.icourse163.org/course/hit-1001578001');
INSERT INTO `course` VALUES ('48', '线性代数', 'sdu-55001', 'http://www.icourse163.org/course/sdu-55001');
INSERT INTO `course` VALUES ('49', '软件测试', 'NJU-1000122000', 'http://mooc.study.163.com/course/NJU-1000122000');
INSERT INTO `course` VALUES ('50', '软件测试方法和技术实践', 'Tongji-1000002019', 'http://mooc.study.163.com/course/Tongji-1000002019');
INSERT INTO `course` VALUES ('51', '面向对象软件开发实践之基本技能训练', 'BIT-1000003016', 'http://mooc.study.163.com/course/BIT-1000003016');
INSERT INTO `course` VALUES ('52', '面向对象软件开发实践之专业技能训练', 'BIT-1000013000', 'http://mooc.study.163.com/course/BIT-1000013000');
INSERT INTO `course` VALUES ('53', '面向对象软件开发实践之实战技能训练', 'BIT-1000013001', 'http://mooc.study.163.com/course/BIT-1000013001');
INSERT INTO `course` VALUES ('54', '计算机系统结构 (一) 基本概念及指令集', 'BUPT-1000002016', 'http://mooc.study.163.com/course/BUPT-1000002016');
INSERT INTO `course` VALUES ('55', '计算机系统结构 (二) 计算机主要系统构成', 'BUPT-1000005004', 'http://mooc.study.163.com/course/BUPT-1000005004');
INSERT INTO `course` VALUES ('56', '计算机系统结构 (三) CPU及其结构分析', 'BUPT-1000005005', 'http://mooc.study.163.com/course/BUPT-1000005005');
INSERT INTO `course` VALUES ('57', 'Linux内核分析', 'USTC-1000029000', 'http://mooc.study.163.com/course/USTC-1000029000');
INSERT INTO `course` VALUES ('58', '软件安全之恶意代码机理与防护', 'WHU-1000003014', 'http://mooc.study.163.com/course/WHU-1000003014');
INSERT INTO `course` VALUES ('59', '软件安全之软件漏洞机理与防护', 'WHU-1000032000', 'http://mooc.study.163.com/course/WHU-1000032000');
INSERT INTO `course` VALUES ('60', '信息安全数学基础', 'HIT-1000002013', 'http://mooc.study.163.com/course/HIT-1000002013');
INSERT INTO `course` VALUES ('61', '近世代数', 'HIT-1000003009', 'http://mooc.study.163.com/course/HIT-1000003009');

-- ----------------------------
-- Table structure for post
-- ----------------------------
DROP TABLE IF EXISTS `post`;
CREATE TABLE `post` (
  `id` int(11) NOT NULL AUTO_INCREMENT,
  `post_id` varchar(100) NOT NULL,
  `user` int(11) DEFAULT NULL,
  `term` int(11) NOT NULL,
  `reply_cot` int(11) NOT NULL,
  `vote_cot` int(11) NOT NULL,
  `view_cot` int(11) NOT NULL,
  `submit_date` date NOT NULL,
  `latest_reply_date` date DEFAULT NULL,
  `title` varchar(255) DEFAULT NULL,
  `content` longtext,
  `teacher_joined` tinyint(4) DEFAULT NULL,
  PRIMARY KEY (`id`),
  UNIQUE KEY `post_id` (`post_id`),
  KEY `term` (`term`),
  KEY `user` (`user`),
  CONSTRAINT `term` FOREIGN KEY (`term`) REFERENCES `term` (`id`) ON DELETE NO ACTION ON UPDATE NO ACTION,
  CONSTRAINT `user` FOREIGN KEY (`user`) REFERENCES `user` (`id`) ON DELETE NO ACTION ON UPDATE NO ACTION
) ENGINE=InnoDB AUTO_INCREMENT=549 DEFAULT CHARSET=utf8;

-- ----------------------------
-- Records of post
-- ----------------------------
INSERT INTO `post` VALUES ('1', '1000215022', '1', '3', '171', '8', '0', '2015-07-05', '2015-09-10', '你画了什么？', null, '1');
INSERT INTO `post` VALUES ('2', '1000215024', '1', '3', '118', '9', '0', '2015-07-05', '2015-09-10', 'main函数是不是成员函数？', null, '0');
INSERT INTO `post` VALUES ('3', '1000219053', '1', '3', '104', '6', '0', '2015-07-05', '2015-09-10', '说private是对类的不是对对象的', null, '0');
INSERT INTO `post` VALUES ('4', '1000233032', '1', '3', '102', '2', '0', '2015-07-05', '2015-09-10', '这个媒体资料库有什么问题？', null, '0');
INSERT INTO `post` VALUES ('5', '1000240031', '1', '3', '92', '6', '0', '2015-07-05', '2015-09-10', '谁是谁的父类合适？', null, '0');
INSERT INTO `post` VALUES ('6', '1000219052', '1', '3', '90', '3', '0', '2015-07-05', '2015-09-10', 'increase返回boolean来表示翻转好不好？', null, '0');
INSERT INTO `post` VALUES ('7', '1000240030', '1', '3', '87', '4', '0', '2015-07-05', '2015-09-10', '以下哪些赋值是合规则的？', null, '1');
INSERT INTO `post` VALUES ('8', '1000215025', '1', '3', '87', '0', '0', '2015-07-05', '2015-09-10', '函数重载与类型自动转换', null, '0');
INSERT INTO `post` VALUES ('9', '1000225035', '1', '3', '86', '2', '0', '2015-07-05', '2015-09-10', '集合能用get()函数来获得某个位置上的元素吗？', null, '0');
INSERT INTO `post` VALUES ('10', '1000219055', '1', '3', '81', '2', '0', '2015-07-05', '2015-09-10', '在类函数中有this吗？', null, '0');
INSERT INTO `post` VALUES ('11', '1000246001', '1', '3', '71', '1', '0', '2015-07-05', '2015-09-10', '请根据castle的代码回答这些问题', null, '0');
INSERT INTO `post` VALUES ('12', '1000234022', '1', '3', '67', '0', '0', '2015-07-05', '2015-09-10', 'super()的调用', null, '0');
INSERT INTO `post` VALUES ('13', '1000220020', '1', '3', '67', '0', '0', '2015-07-05', '2015-09-10', '有private的类么？', null, '0');
INSERT INTO `post` VALUES ('14', '1000245027', '1', '3', '66', '0', '0', '2015-07-05', '2015-09-10', '这个castle程序有什么问题？', null, '1');
INSERT INTO `post` VALUES ('15', '1000252016', '1', '3', '64', '1', '0', '2015-07-05', '2015-09-10', '为什么没有Cell.setAlive()?', null, '0');
INSERT INTO `post` VALUES ('16', '1000233033', '1', '3', '64', '3', '0', '2015-07-05', '2015-09-10', '父类的私有的成员函数在子类中能使用吗？', null, '0');
INSERT INTO `post` VALUES ('17', '1000226031', '1', '3', '64', '5', '0', '2015-07-05', '2015-09-10', '究竟把什么放进容器里去了？', null, '1');
INSERT INTO `post` VALUES ('18', '1000234021', '1', '3', '63', '1', '0', '2015-07-05', '2015-09-10', '子类从父类得到了什么', null, '0');
INSERT INTO `post` VALUES ('19', '1000241037', '1', '3', '62', '5', '0', '2015-07-05', '2015-09-10', '还是关于print', null, '0');
INSERT INTO `post` VALUES ('20', '1000226032', '1', '3', '53', '2', '0', '2015-07-05', '2015-09-10', '如何设计能传递任意数量参数的函数？', null, '0');
INSERT INTO `post` VALUES ('21', '1000219051', '1', '3', '53', '0', '0', '2015-07-12', '2015-09-06', '如何做直接交互？', null, '1');
INSERT INTO `post` VALUES ('22', '1000252017', '1', '3', '49', '1', '0', '2015-07-12', '2015-09-06', '关于Field.getNeighbour()', null, '0');
INSERT INTO `post` VALUES ('23', '1000252018', '1', '3', '45', '0', '0', '2015-07-12', '2015-09-06', 'Cell为什么不自己判断邻居情况？', null, '0');
INSERT INTO `post` VALUES ('24', '1000247000', '1', '3', '44', '3', '0', '2015-07-12', '2015-09-06', '设计你自己的游戏', null, '0');
INSERT INTO `post` VALUES ('25', '1000216016', '1', '3', '38', '4', '0', '2015-07-12', '2015-09-06', '进一步的改进', null, '1');
INSERT INTO `post` VALUES ('26', '1000226033', '1', '3', '35', '4', '0', '2015-07-12', '2015-09-06', '学生成绩的数据结构', null, '0');
INSERT INTO `post` VALUES ('27', '1000219054', '1', '3', '32', '2', '0', '2015-07-12', '2015-09-06', '类变量和类函数', null, '1');
INSERT INTO `post` VALUES ('28', '1000252012', '1', '3', '28', '0', '0', '2015-07-12', '2015-09-06', 'Fox.breed()和Rabbit.breed()几乎一样', null, '0');
INSERT INTO `post` VALUES ('29', '1000246003', '1', '3', '22', '0', '0', '2015-07-12', '2015-09-06', '程序中还有没有能以框架加数据来表达的东西？', null, '1');
INSERT INTO `post` VALUES ('30', '1000252014', '1', '3', '20', '0', '0', '2015-07-12', '2015-09-06', 'Cell要不要知道Field？', null, '0');
INSERT INTO `post` VALUES ('31', '1000253014', '1', '3', '19', '1', '0', '2015-07-12', '2015-09-06', '要不要Animal的列表？', null, '0');
INSERT INTO `post` VALUES ('32', '1000258000', '1', '3', '18', '0', '0', '2015-07-12', '2015-09-06', '城堡的Handler类', null, '0');
INSERT INTO `post` VALUES ('33', '1000252015', '1', '3', '17', '0', '0', '2015-07-12', '2015-09-06', '要不要把数据和表现进一步分离？', null, '0');
INSERT INTO `post` VALUES ('34', '1000244021', '1', '3', '17', '0', '0', '2015-07-12', '2015-09-06', '如何实现任意门？', null, '0');
INSERT INTO `post` VALUES ('35', '1000246002', '1', '3', '16', '0', '0', '2015-07-12', '2015-09-06', '隐形耦合', null, '1');
INSERT INTO `post` VALUES ('36', '1000249015', '68', '3', '15', '20', '0', '2015-07-12', '2015-09-06', '【更新了】【带战斗系统】的勇者斗恶龙式文字RPG，欢迎试玩！！', null, '0');
INSERT INTO `post` VALUES ('37', '1000262028', null, '3', '11', '0', '0', '2015-07-12', '2015-09-06', '期末编程题零分', null, '0');
INSERT INTO `post` VALUES ('38', '1000271002', '1', '3', '8', '3', '0', '2015-07-12', '2015-09-06', '公布结果啦', null, '1');
INSERT INTO `post` VALUES ('39', '1000215056', '70', '3', '8', '7', '0', '2015-07-12', '2015-09-06', 'Java植物大战僵尸源码', null, '0');
INSERT INTO `post` VALUES ('40', '1000261009', '71', '3', '7', '14', '0', '2015-07-12', '2015-09-06', '共享我的笔记和改编城堡游戏之——降魔西游[更新了乱码解决方案]', null, '0');
INSERT INTO `post` VALUES ('41', '1000248013', '72', '3', '7', '2', '0', '2015-08-11', '2015-08-11', '这是一个白细胞攻击病毒然后不断升级的小游戏', null, '0');
INSERT INTO `post` VALUES ('42', '1000247002', '1', '3', '7', '7', '0', '2015-08-11', '2015-08-11', '城堡游戏争先赛', null, '1');
INSERT INTO `post` VALUES ('43', '1000244029', '74', '3', '7', '1', '0', '2015-08-11', '2015-08-11', '网易的讨论区真的是很差劲', null, '0');
INSERT INTO `post` VALUES ('44', '1000297017', '75', '3', '6', '0', '0', '2015-08-11', '2015-08-11', '地牢逃生改良版', null, '0');
INSERT INTO `post` VALUES ('45', '1000264008', '76', '3', '6', '0', '0', '2015-08-11', '2015-08-11', '期末考试编程题实例是否错了？', null, '1');
INSERT INTO `post` VALUES ('46', '1000264004', '77', '3', '6', '2', '0', '2015-08-11', '2015-08-11', '期末编程题时间不够', null, '0');
INSERT INTO `post` VALUES ('47', '1000259004', '78', '3', '6', '0', '0', '2015-08-11', '2015-08-11', '看老师的视频，没怎么敲写代码！！！', null, '0');
INSERT INTO `post` VALUES ('48', '1000232011', '79', '3', '6', '0', '0', '2015-08-11', '2015-08-11', '第三周作业，本机运行正确，提交两个用例都不能通过', null, '0');
INSERT INTO `post` VALUES ('49', '1000225055', '80', '3', '6', '0', '0', '2015-08-11', '2015-08-11', '求 第二周测验System.out.println(clock);的讲解', null, '1');
INSERT INTO `post` VALUES ('50', '1000220038', '81', '3', '6', '0', '0', '2015-08-11', '2015-08-11', '作业提交出错', null, '0');
INSERT INTO `post` VALUES ('51', '1000268005', '1', '3', '5', '0', '0', '2015-08-11', '2015-08-11', '好啦，该收成绩了', null, '1');
INSERT INTO `post` VALUES ('52', '1000259015', '83', '3', '5', '0', '0', '2015-08-11', '2015-08-11', 'eclipse 代码编写技巧，老师点这里', null, '0');
INSERT INTO `post` VALUES ('53', '1000250005', '84', '3', '5', '3', '0', '2015-08-11', '2015-08-11', '这是一个有点2的游戏，老鼠偷东西= =', null, '0');
INSERT INTO `post` VALUES ('54', '1000249026', '85', '3', '5', '1', '0', '2015-08-11', '2015-08-11', '矿井，抹黑前进，反正地图不大', null, '0');
INSERT INTO `post` VALUES ('55', '1000245014', '86', '3', '5', '0', '0', '2015-08-11', '2015-08-11', '第三周作业本地调试通过，提交答案后提示用例未通过@老师', null, '0');
INSERT INTO `post` VALUES ('56', '1000236047', '87', '3', '5', '0', '0', '2015-08-11', '2015-08-11', '第三周有没有出现这种错误，本机通过，提交却出现编译错误', null, '0');
INSERT INTO `post` VALUES ('57', '1000234048', '81', '3', '5', '0', '0', '2015-08-11', '2015-08-11', '第四周作业，互评', null, '0');
INSERT INTO `post` VALUES ('58', '1000234039', '89', '3', '5', '0', '0', '2015-08-11', '2015-08-11', '第四周作业，分享一下。', null, '0');
INSERT INTO `post` VALUES ('59', '1000233015', '76', '3', '5', '0', '0', '2015-08-11', '2015-08-11', '第三周作业 一行一行测试可以通过 整个复制粘贴报错', null, '1');
INSERT INTO `post` VALUES ('60', '1000230027', '91', '3', '5', '0', '0', '2015-08-11', '2015-08-11', '第三次作业求助', null, '0');
INSERT INTO `post` VALUES ('61', '1000227002', '92', '3', '5', '0', '0', '2015-07-20', '2015-07-21', '关于判断字符串相等的问题', null, '1');
INSERT INTO `post` VALUES ('62', '1000226014', '89', '3', '5', '0', '0', '2015-07-20', '2015-07-21', '老师，在这里想问一个开发环境的问题。', null, '0');
INSERT INTO `post` VALUES ('63', '1000224007', '94', '3', '5', '0', '0', '2015-07-20', '2015-07-21', '第二周作业问题', null, '0');
INSERT INTO `post` VALUES ('64', '1000222007', '95', '3', '5', '0', '0', '2015-07-20', '2015-07-21', '第二题怎么都过不了，哪里有问题帮看看呵', null, '0');
INSERT INTO `post` VALUES ('65', '1000219079', '96', '3', '5', '0', '0', '2015-07-20', '2015-07-21', '第二周的编程测试题，老师的Main是不是有问题呢？', null, '1');
INSERT INTO `post` VALUES ('66', '1000220015', '97', '3', '5', '0', '0', '2015-07-20', '2015-07-21', '出现结果错误，但是编译不出错，运行结果也对', null, '1');
INSERT INTO `post` VALUES ('67', '1000216037', '98', '3', '5', '0', '0', '2015-07-20', '2015-07-21', '生日这天赶上开课~！', null, '1');
INSERT INTO `post` VALUES ('68', '1000279037', '99', '3', '4', '0', '0', '2015-07-20', '2015-07-21', '对于期末考试的答案的一些疑问！', null, '0');
INSERT INTO `post` VALUES ('69', '1000279024', '100', '3', '4', '0', '0', '2015-07-20', '2015-07-21', '考试笔试40分，编程0分，到底能否取得合格证啊？', null, '0');
INSERT INTO `post` VALUES ('70', '1000272018', '71', '3', '4', '1', '0', '2015-07-20', '2015-07-21', '晒礼物～希望一起进步哈～谢谢翁凯老师！！', null, '0');
INSERT INTO `post` VALUES ('71', '1000266015', '102', '3', '4', '0', '0', '2015-07-20', '2015-07-21', '为什么自己运行正确 但是放上去就错了呢？', null, '0');
INSERT INTO `post` VALUES ('72', '1000266012', '103', '3', '4', '0', '0', '2015-07-20', '2015-07-21', '期末考试编程题十分钟就完成了但是不会提交', null, '0');
INSERT INTO `post` VALUES ('73', '1000267012', '104', '3', '4', '0', '0', '2015-07-20', '2015-07-21', '期末考试没提交，可否再给一次机会', null, '1');
INSERT INTO `post` VALUES ('74', '1000267010', '105', '3', '4', '2', '0', '2015-07-20', '2015-07-21', '考试通过，发帖留念~', null, '0');
INSERT INTO `post` VALUES ('75', '1000262025', '1', '3', '4', '2', '0', '2015-07-20', '2015-07-21', '因为突然出差，争先赛要推迟结束', null, '1');
INSERT INTO `post` VALUES ('76', '1000263013', null, '3', '4', '0', '0', '2015-07-20', '2015-07-21', '刚开始第2周的学习。什么时候期末开始？会延期吗', null, '1');
INSERT INTO `post` VALUES ('77', '1000261001', '107', '3', '4', '0', '0', '2015-07-20', '2015-07-21', 'CD中调用自身构造方法的能输出预期值，调用父类的输出null？', null, '1');
INSERT INTO `post` VALUES ('78', '1000248018', '108', '3', '4', '15', '0', '2015-07-20', '2015-07-21', '弄了两天，添加了NPC，武器，防具，各种药水，可以对话攻击', null, '0');
INSERT INTO `post` VALUES ('79', '1000247006', null, '3', '4', '0', '0', '2015-07-20', '2015-07-21', '这是要怎样？', null, '0');
INSERT INTO `post` VALUES ('80', '1000246007', '109', '3', '4', '7', '0', '2015-07-20', '2015-07-21', '一个很无聊的游戏，由凝神长老编写。', null, '0');
INSERT INTO `post` VALUES ('81', '1000245032', '110', '3', '4', '0', '0', '2015-08-08', '2015-08-10', '讨论区可以贴作业答案吗，那样岂不是看了的都是满分', null, '0');
INSERT INTO `post` VALUES ('82', '1000245015', null, '3', '4', '1', '0', '2015-08-08', '2015-08-10', '第二周的作业也太坑 输出多了一个换行符提示格式错误', null, '0');
INSERT INTO `post` VALUES ('83', '1000240086', '111', '3', '4', '2', '0', '2015-08-08', '2015-08-10', '第三周作业的思路', null, '0');
INSERT INTO `post` VALUES ('84', '1000241064', '112', '3', '4', '0', '0', '2015-08-08', '2015-08-10', '第四周作业及一点疑惑', null, '1');
INSERT INTO `post` VALUES ('85', '1000241046', '113', '3', '4', '0', '0', '2015-08-08', '2015-08-10', '@override有点小困惑', null, '1');
INSERT INTO `post` VALUES ('86', '1000241044', '114', '3', '4', '0', '0', '2015-08-08', '2015-08-10', '《第三周》eclipse运行正常，交作业失败', null, '0');
INSERT INTO `post` VALUES ('87', '1000241040', '115', '3', '4', '0', '0', '2015-08-08', '2015-08-10', '第三周的作业能得到正确结果，只用一个Scanner对象就会出错！', null, '0');
INSERT INTO `post` VALUES ('88', '1000240033', '116', '3', '4', '0', '0', '2015-08-08', '2015-08-10', '关于作业完成能力问题 望有人指教。', null, '0');
INSERT INTO `post` VALUES ('89', '1000233003', '117', '3', '4', '0', '0', '2015-08-08', '2015-08-10', '关于第二周作业和蛋图的联想', null, '0');
INSERT INTO `post` VALUES ('90', '1000229003', '118', '3', '4', '0', '0', '2015-08-08', '2015-08-10', '老师，有没有什么办法可以让我能够在静态上下文里使用continue呢', null, '0');
INSERT INTO `post` VALUES ('91', '1000227001', '89', '3', '4', '0', '0', '2015-08-08', '2015-08-10', '这个是怎么回事？', null, '0');
INSERT INTO `post` VALUES ('92', '1000225040', '111', '3', '4', '1', '0', '2015-08-08', '2015-08-10', '第二周作业的Clock(int hour, int minute, int second)问题', null, '0');
INSERT INTO `post` VALUES ('93', '1000224000', '121', '3', '4', '0', '0', '2015-08-08', '2015-08-10', '有没有配套的教材？', null, '1');
INSERT INTO `post` VALUES ('94', '1000221002', '122', '3', '4', '0', '0', '2015-08-08', '2015-08-10', '第一周作业的编译出错', null, '1');
INSERT INTO `post` VALUES ('95', '1000219074', '123', '3', '4', '0', '0', '2015-08-08', '2015-08-10', '第二周题目 看不懂啊', null, '0');
INSERT INTO `post` VALUES ('96', '1000218007', '124', '3', '4', '5', '0', '2015-08-08', '2015-08-10', '提醒大家注释不要提交代码，试了好久发现的，加注释通不过！', null, '0');
INSERT INTO `post` VALUES ('97', '1000217002', null, '3', '4', '0', '0', '2015-08-08', '2015-08-10', '为什么a.plus(b).print();没有print()输出?', null, '0');
INSERT INTO `post` VALUES ('98', '1000216041', '81', '3', '4', '-1', '0', '2015-08-08', '2015-08-10', '呼叫老师，代码是否能优化？', null, '0');
INSERT INTO `post` VALUES ('99', '1000216033', '126', '3', '4', '0', '0', '2015-08-08', '2015-08-10', '代码自己运行能得到正确结果,提交不能通过', null, '1');
INSERT INTO `post` VALUES ('100', '1000216030', null, '3', '4', '0', '0', '2015-08-08', '2015-08-10', 'Eclipse运行正常但提交时显示结果错误', null, '0');
INSERT INTO `post` VALUES ('101', '1000288009', '124', '3', '3', '0', '0', '2015-09-26', '2015-10-27', '期末选择填空题问题求助，大家懂哪个就回答哪个就行', null, '0');
INSERT INTO `post` VALUES ('102', '1000273051', '128', '3', '3', '6', '0', '2015-09-26', '2015-10-27', '翁恺老师，真心想说，遇见你是我这辈子最大的幸运了，感恩^_^', null, '0');
INSERT INTO `post` VALUES ('103', '1000272033', '105', '3', '3', '2', '0', '2015-09-26', '2015-10-27', '期末考试编程题解交流', null, '0');
INSERT INTO `post` VALUES ('104', '1000266020', '130', '3', '3', '0', '0', '2015-09-26', '2015-10-27', '考完了，估计及不了格', null, '0');
INSERT INTO `post` VALUES ('105', '1000262027', '76', '3', '3', '3', '0', '2015-09-26', '2015-10-27', '《无尽回廊》，可自定义游戏系统的类roguelike游戏', null, '0');
INSERT INTO `post` VALUES ('106', '1000259027', '124', '3', '3', '0', '0', '2015-09-26', '2015-10-27', '课程表那个照老师输的，都没什问题，但是加上这部分就报错，求教', null, '0');
INSERT INTO `post` VALUES ('107', '1000258032', '133', '3', '3', '2', '0', '2015-09-26', '2015-10-27', '第六周作业', null, '0');
INSERT INTO `post` VALUES ('108', '1000258030', '134', '3', '3', '8', '0', '2015-09-26', '2015-10-27', '一个以笑傲江湖为背景的游戏（增加了简陋的战斗模式）', null, '0');
INSERT INTO `post` VALUES ('109', '1000255014', '118', '3', '3', '0', '0', '2015-09-26', '2015-10-27', '老师！win10edge浏览器的flash坏了！安照网上的各种方法都不行！', null, '0');
INSERT INTO `post` VALUES ('110', '1000254002', '136', '3', '3', '3', '0', '2015-09-26', '2015-10-27', '海贼王司法岛事件改编游戏！', null, '0');
INSERT INTO `post` VALUES ('111', '1000252006', '137', '3', '3', '0', '0', '2015-09-26', '2015-10-27', '在长度用变量表示的数组中，如果变量在赋值后改变会怎么样？', null, '1');
INSERT INTO `post` VALUES ('112', '1000252000', '138', '3', '3', '0', '0', '2015-09-26', '2015-10-27', 'while(XX==ture) if(xx==true)是不是好的书写方式', null, '1');
INSERT INTO `post` VALUES ('113', '1000251033', '74', '3', '3', '0', '0', '2015-09-26', '2015-10-27', 'TAStudy的名字也太醒目了', null, '1');
INSERT INTO `post` VALUES ('114', '1000250010', '140', '3', '3', '0', '0', '2015-09-26', '2015-10-27', '作业中的<br>是怎么回事？？？', null, '1');
INSERT INTO `post` VALUES ('115', '1000251019', '141', '3', '3', '0', '0', '2015-09-26', '2015-10-27', '有一处代码不理解，还望大神指教', null, '1');
INSERT INTO `post` VALUES ('116', '1000251016', '142', '3', '3', '7', '0', '2015-09-26', '2015-10-27', '【迷失之城】☆城堡争先赛☆……npc、地图编辑、怪兽、道具', null, '0');
INSERT INTO `post` VALUES ('117', '1000250003', '102', '3', '3', '5', '0', '2015-09-26', '2015-10-27', '我的城堡游戏，正式版0.1.0', null, '0');
INSERT INTO `post` VALUES ('118', '1000248005', '144', '3', '3', '0', '0', '2015-09-26', '2015-10-27', '字体', null, '1');
INSERT INTO `post` VALUES ('119', '1000247001', '1', '3', '3', '1', '0', '2015-09-26', '2015-10-27', '新的游戏', null, '0');
INSERT INTO `post` VALUES ('120', '1000244014', '146', '3', '3', '0', '0', '2015-09-26', '2015-10-27', '第三周作业', null, '0');
INSERT INTO `post` VALUES ('121', '1000241090', '147', '3', '3', '0', '0', '2015-08-05', '2015-08-08', '第二周作业一种低耦合的实现方式', null, '1');
INSERT INTO `post` VALUES ('122', '1000240061', '148', '3', '3', '0', '0', '2015-08-05', '2015-08-08', '第三周作业为什么要用ArrayList，不能用HashSet？', null, '0');
INSERT INTO `post` VALUES ('123', '1000240056', '149', '3', '3', '0', '0', '2015-08-05', '2015-08-08', '第三周作业', null, '0');
INSERT INTO `post` VALUES ('124', '1000238019', '150', '3', '3', '0', '0', '2015-08-05', '2015-08-08', '后续课程《Java应用技术》', null, '0');
INSERT INTO `post` VALUES ('125', '1000238013', '151', '3', '3', '0', '0', '2015-08-05', '2015-08-08', '第四周父类与子类print（）疑惑', null, '1');
INSERT INTO `post` VALUES ('126', '1000233047', '152', '3', '3', '0', '0', '2015-08-05', '2015-08-08', '第四周作业，照样子画葫芦了一下', null, '1');
INSERT INTO `post` VALUES ('127', '1000233029', '153', '3', '3', '0', '0', '2015-08-05', '2015-08-08', '第三周作业题本机通过，OJ说结果错误。。。', null, '0');
INSERT INTO `post` VALUES ('128', '1000233004', '98', '3', '3', '0', '0', '2015-08-05', '2015-08-08', '第三周作业只有我一个人觉得难么。。', null, '0');
INSERT INTO `post` VALUES ('129', '1000233001', '155', '3', '3', '1', '0', '2015-08-05', '2015-08-08', '学这个课的有妹子么', null, '0');
INSERT INTO `post` VALUES ('130', '1000232010', '156', '3', '3', '0', '0', '2015-08-05', '2015-08-08', '第二周的tick()逻辑，搞不懂了，除了', null, '0');
INSERT INTO `post` VALUES ('131', '1000231000', null, '3', '3', '0', '0', '2015-08-05', '2015-08-08', '第一周作业跑不起来。。新手求助', null, '0');
INSERT INTO `post` VALUES ('132', '1000230011', '155', '3', '3', '0', '0', '2015-08-05', '2015-08-08', '第三周作业在本机上编译能通过，为什么判题系统总是通不过', null, '1');
INSERT INTO `post` VALUES ('133', '1000229007', '158', '3', '3', '0', '0', '2015-08-05', '2015-08-08', '第一周 测验编译不出来 快疯掉了 求请教 真的不知奥哪里不对', null, '0');
INSERT INTO `post` VALUES ('134', '1000228012', '159', '3', '3', '1', '0', '2015-08-05', '2015-08-08', '第三周作业总结', null, '1');
INSERT INTO `post` VALUES ('135', '1000227016', '160', '3', '3', '0', '0', '2015-08-05', '2015-08-08', '第三周的输入例子是什么意思啊', null, '0');
INSERT INTO `post` VALUES ('136', '1000227014', '161', '3', '3', '0', '0', '2015-08-05', '2015-08-08', '老师，为什么我这个set集合 里面重复first 还排序', null, '0');
INSERT INTO `post` VALUES ('137', '1000227007', '150', '3', '3', '0', '0', '2015-08-05', '2015-08-08', '感觉思路正确啊！怎么运行不起来，哪位给看看？', null, '0');
INSERT INTO `post` VALUES ('138', '1000228001', '81', '3', '3', '0', '0', '2015-08-05', '2015-08-08', '求解，无法编译', null, '0');
INSERT INTO `post` VALUES ('139', '1000226079', '164', '3', '3', '0', '0', '2015-08-05', '2015-08-08', '老师，7月20日的编程题那张表太小看不清。', null, '1');
INSERT INTO `post` VALUES ('140', '1000226067', '98', '3', '3', '0', '0', '2015-08-05', '2015-08-08', '原来第二周的作业只需要走一秒就好', null, '0');
INSERT INTO `post` VALUES ('141', '1000225057', '166', '3', '3', '0', '0', '2015-07-19', '2015-07-19', '求教现在开始学习怎么样？', null, '0');
INSERT INTO `post` VALUES ('142', '1000226062', '167', '3', '3', '0', '0', '2015-07-19', '2015-07-19', '用例一未通过', null, '0');
INSERT INTO `post` VALUES ('143', '1000225050', '168', '3', '3', '0', '0', '2015-07-19', '2015-07-19', '老师没办法提交', null, '0');
INSERT INTO `post` VALUES ('144', '1000226053', '156', '3', '3', '0', '0', '2015-07-19', '2015-07-19', '提示未通过，用例1，2是什么？没看明白', null, '0');
INSERT INTO `post` VALUES ('145', '1000225044', '170', '3', '3', '0', '0', '2015-07-19', '2015-07-19', '怎么总是答案错误，求大神指教！！！！！！！', null, '0');
INSERT INTO `post` VALUES ('146', '1000225043', '171', '3', '3', '0', '0', '2015-07-19', '2015-07-19', '如何获知成员变量的值', null, '0');
INSERT INTO `post` VALUES ('147', '1000225033', '172', '3', '3', '0', '0', '2015-07-19', '2015-07-19', '作业提交一大堆错误呢？我在eclipse运行可以的啊！求老师指点！', null, '1');
INSERT INTO `post` VALUES ('148', '1000226024', '173', '3', '3', '0', '0', '2015-07-19', '2015-07-19', '第二章作业本地通过上传后老是说\"请检查程序输出的格式\"是为什么', null, '0');
INSERT INTO `post` VALUES ('149', '1000226022', null, '3', '3', '0', '0', '2015-07-19', '2015-07-19', '视频不能看', null, '1');
INSERT INTO `post` VALUES ('150', '1000223011', '174', '3', '3', '0', '0', '2015-07-19', '2015-07-19', '科目二作业问题，自己测试可以运行。例2不通过', null, '0');
INSERT INTO `post` VALUES ('151', '1000221011', '175', '3', '3', '0', '0', '2015-07-19', '2015-07-19', '第二周 本机跑正常 提交不过,请老师或者通过的同学指点,谢谢', null, '0');
INSERT INTO `post` VALUES ('152', '1000221001', '176', '3', '3', '0', '0', '2015-07-19', '2015-07-19', '关于第二周作业问题', null, '1');
INSERT INTO `post` VALUES ('153', '1000220041', '159', '3', '3', '0', '0', '2015-07-19', '2015-07-19', '老师，运行正常，网页提交不行', null, '1');
INSERT INTO `post` VALUES ('154', '1000220037', '178', '3', '3', '0', '0', '2015-07-19', '2015-07-19', '作业不能上传', null, '1');
INSERT INTO `post` VALUES ('155', '1000219076', '179', '3', '3', '0', '0', '2015-07-19', '2015-07-19', '作业的小问题', null, '1');
INSERT INTO `post` VALUES ('156', '1000219072', '180', '3', '3', '0', '0', '2015-07-19', '2015-07-19', '【宣传475927178 方便大家学术交流的QQ群，禁止发答案】', null, '0');
INSERT INTO `post` VALUES ('157', '1000219068', '181', '3', '3', '0', '0', '2015-07-19', '2015-07-19', '编译错误了。。', null, '0');
INSERT INTO `post` VALUES ('158', '1000220026', '182', '3', '3', '0', '0', '2015-07-19', '2015-07-19', '第二周第一课的display类是哪里来的', null, '1');
INSERT INTO `post` VALUES ('159', '1000219061', '181', '3', '3', '0', '0', '2015-07-19', '2015-07-19', '为什么调试 总是Source not found.', null, '1');
INSERT INTO `post` VALUES ('160', '1000219049', '89', '3', '3', '2', '0', '2015-07-19', '2015-07-19', '翁凯老师，您MOOC门下的学生们有没有一个统一的qq群呢？', null, '0');
INSERT INTO `post` VALUES ('161', '1000220019', '185', '3', '3', '0', '0', '2015-07-12', '2015-07-12', '提交出现编译错误Compiler did not create the expected binary', null, '1');
INSERT INTO `post` VALUES ('162', '1000220014', '186', '3', '3', '0', '0', '2015-07-12', '2015-07-12', '翁老师不让晒答案，大家晒晒运行时间和占用内存吧', null, '0');
INSERT INTO `post` VALUES ('163', '1000218022', '187', '3', '3', '0', '0', '2015-07-12', '2015-07-12', '提交不能通过，不知道为什么？本机测试结果一致的。', null, '1');
INSERT INTO `post` VALUES ('164', '1000217016', null, '3', '3', '0', '0', '2015-07-12', '2015-07-12', '希望老师可以在后面可以出个解释前面作业的视频', null, '1');
INSERT INTO `post` VALUES ('165', '1000216048', '188', '3', '3', '0', '0', '2015-07-12', '2015-07-12', '为什么第一章看不了', null, '1');
INSERT INTO `post` VALUES ('166', '1000216046', '1', '3', '3', '2', '0', '2015-07-12', '2015-07-12', '加了一小段如何做第一周编程题的提示', null, '1');
INSERT INTO `post` VALUES ('167', '1000215046', '190', '3', '3', '0', '0', '2015-07-12', '2015-07-12', '老师，System.out.print()与.println()的区别是什么？', null, '0');
INSERT INTO `post` VALUES ('168', '1000215045', '123', '3', '3', '0', '0', '2015-07-12', '2015-07-12', '关于作业的要求\"你的代码不要做输入和输出\"', null, '0');
INSERT INTO `post` VALUES ('169', '1000215044', '192', '3', '3', '0', '0', '2015-07-12', '2015-07-12', '关于端口的问题？', null, '1');
INSERT INTO `post` VALUES ('170', '1000216026', '193', '3', '3', '0', '0', '2015-07-12', '2015-07-12', '安全隐患', null, '1');
INSERT INTO `post` VALUES ('171', '1000299010', '152', '3', '2', '0', '0', '2015-07-12', '2015-07-12', '关于后续课程', null, '0');
INSERT INTO `post` VALUES ('172', '1000296001', '75', '3', '2', '1', '0', '2015-07-12', '2015-07-12', '地牢逃生', null, '0');
INSERT INTO `post` VALUES ('173', '1000275011', null, '3', '2', '0', '0', '2015-07-12', '2015-07-12', '哪里可以找到shapes.zip?', null, '0');
INSERT INTO `post` VALUES ('174', '1000273016', '128', '3', '2', '0', '0', '2015-07-12', '2015-07-12', '期末编程考试oj系统是否有问题或者是其他方面', null, '0');
INSERT INTO `post` VALUES ('175', '1000272016', '197', '3', '2', '0', '0', '2015-07-12', '2015-07-12', '请原谅我在java区提出这个问题~但真的是十万火急~', null, '0');
INSERT INTO `post` VALUES ('176', '1000272001', '198', '3', '2', '0', '0', '2015-07-12', '2015-07-12', '最后三秒提交，结果没等检测完就直接弹出来0分了 - -!', null, '0');
INSERT INTO `post` VALUES ('177', '1000270005', '110', '3', '2', '0', '0', '2015-07-12', '2015-07-12', '期末100分，总分怎么算，我编程题0分', null, '1');
INSERT INTO `post` VALUES ('178', '1000267000', '152', '3', '2', '0', '0', '2015-07-12', '2015-07-12', '课时变成11周了', null, '1');
INSERT INTO `post` VALUES ('179', '1000262029', '130', '3', '2', '1', '0', '2015-07-12', '2015-07-12', '赶在最后的时间，把游戏作业完成', null, '0');
INSERT INTO `post` VALUES ('180', '1000263011', '202', '3', '2', '0', '0', '2015-07-12', '2015-07-12', '城堡游戏中文全是乱码', null, '0');
INSERT INTO `post` VALUES ('181', '1000263007', null, '3', '2', '0', '0', '2015-08-29', '2015-08-31', '希望老师能教UML类图使用方法', null, '1');
INSERT INTO `post` VALUES ('182', '1000262003', '142', '3', '2', '0', '0', '2015-08-29', '2015-08-31', 'java中的接口和类具有相同的机制,相同的作用吗？', null, '1');
INSERT INTO `post` VALUES ('183', '1000258035', null, '3', '2', '0', '0', '2015-08-29', '2015-08-31', '有点难', null, '1');
INSERT INTO `post` VALUES ('184', '1000259012', '114', '3', '2', '7', '0', '2015-08-29', '2015-08-31', '拯救美女游戏《第一次写，希望能看一看》', null, '0');
INSERT INTO `post` VALUES ('185', '1000259006', '107', '3', '2', '0', '0', '2015-08-29', '2015-08-31', '第二次作业：第二例通过但是第一例未通过？', null, '0');
INSERT INTO `post` VALUES ('186', '1000259001', '206', '3', '2', '0', '0', '2015-08-29', '2015-08-31', '说时容易做时难--依赖报错', null, '1');
INSERT INTO `post` VALUES ('187', '1000258001', '86', '3', '2', '2', '0', '2015-08-29', '2015-08-31', 'V0.2城堡内寻找敌人并完成击杀的带图形界面的射击游戏（极简）', null, '0');
INSERT INTO `post` VALUES ('188', '1000259000', '208', '3', '2', '0', '0', '2015-08-29', '2015-08-31', '我发现细胞自动机的一个小问题', null, '1');
INSERT INTO `post` VALUES ('189', '1000256002', '133', '3', '2', '0', '0', '2015-08-29', '2015-08-31', '方法==函数？', null, '0');
INSERT INTO `post` VALUES ('190', '1000257003', '210', '3', '2', '0', '0', '2015-08-29', '2015-08-31', 'Field中的一个方法小问题', null, '1');
INSERT INTO `post` VALUES ('191', '1000257001', '124', '3', '2', '5', '0', '2015-08-29', '2015-08-31', '一个无聊的游戏，欢迎大家试玩。', null, '0');
INSERT INTO `post` VALUES ('192', '1000254011', '212', '3', '2', '0', '0', '2015-08-29', '2015-08-31', '求教第二周作业为何通过不了？', null, '1');
INSERT INTO `post` VALUES ('193', '1000255007', '213', '3', '2', '0', '0', '2015-08-29', '2015-08-31', '第二周作业的疑惑~~', null, '1');
INSERT INTO `post` VALUES ('194', '1000255004', '147', '3', '2', '0', '0', '2015-08-29', '2015-08-31', 'cells中的field中的place方法代码修改疑问', null, '1');
INSERT INTO `post` VALUES ('195', '1000255001', '215', '3', '2', '0', '0', '2015-08-29', '2015-08-31', '第三周测验，用了HashMap和二维数组，本地运行正常，系统错误', null, '0');
INSERT INTO `post` VALUES ('196', '1000252011', '216', '3', '2', '0', '0', '2015-08-29', '2015-08-31', '关于内存溢出', null, '0');
INSERT INTO `post` VALUES ('197', '1000253002', '216', '3', '2', '0', '0', '2015-08-29', '2015-08-31', '关于eclipse', null, '1');
INSERT INTO `post` VALUES ('198', '1000251035', '218', '3', '2', '0', '0', '2015-08-29', '2015-08-31', '不知道什么地方出错了', null, '0');
INSERT INTO `post` VALUES ('199', '1000250026', '219', '3', '2', '5', '0', '2015-08-29', '2015-08-31', '《谁能在最短步数内捉到他们？》←游戏名（附金手指）', null, '0');
INSERT INTO `post` VALUES ('200', '1000251032', '152', '3', '2', '0', '0', '2015-08-29', '2015-08-31', '一直挺奇怪课程更新的时间是怎么安排的', null, '1');
INSERT INTO `post` VALUES ('201', '1000251031', null, '3', '2', '0', '0', '2015-08-17', '2015-08-17', '第七周的课？？？', null, '1');
INSERT INTO `post` VALUES ('202', '1000250016', '133', '3', '2', '0', '0', '2015-08-17', '2015-08-17', '为什么这里要传this进去？', null, '0');
INSERT INTO `post` VALUES ('203', '1000250015', '152', '3', '2', '1', '0', '2015-08-17', '2015-08-17', '拯救公主 v1.0', null, '0');
INSERT INTO `post` VALUES ('204', '1000248021', '81', '3', '2', '3', '0', '2015-08-17', '2015-08-17', '大家好，我是小蝌蚪，我的身边发生了无法想象的事情', null, '0');
INSERT INTO `post` VALUES ('205', '1000249010', '224', '3', '2', '0', '0', '2015-08-17', '2015-08-17', '关于执行多次循环时，输出‘\\r’出错的问题', null, '1');
INSERT INTO `post` VALUES ('206', '1000249001', '225', '3', '2', '0', '0', '2015-08-17', '2015-08-17', '关于互评作业的评分要求', null, '0');
INSERT INTO `post` VALUES ('207', '1000246006', '210', '3', '2', '0', '0', '2015-08-17', '2015-08-17', 'castle包代码乱码', null, '0');
INSERT INTO `post` VALUES ('208', '1000247005', null, '3', '2', '0', '0', '2015-08-17', '2015-08-17', '有关第一周作业无法通过运行的问题', null, '0');
INSERT INTO `post` VALUES ('209', '1000244012', '227', '3', '2', '0', '0', '2015-08-17', '2015-08-17', '第三周作业的输入格式', null, '0');
INSERT INTO `post` VALUES ('210', '1000245018', '216', '3', '2', '0', '0', '2015-08-17', '2015-08-17', '第三周作业求救', null, '0');
INSERT INTO `post` VALUES ('211', '1000244005', '74', '3', '2', '0', '0', '2015-08-17', '2015-08-17', '求助各位,如何下载shapes.zip?', null, '0');
INSERT INTO `post` VALUES ('212', '1000245005', '227', '3', '2', '0', '0', '2015-08-17', '2015-08-17', 'ArrayList和String[]中的foreach的改变k为什么没有改变原值', null, '1');
INSERT INTO `post` VALUES ('213', '1000244002', '231', '3', '2', '0', '0', '2015-08-17', '2015-08-17', '一些笔记', null, '0');
INSERT INTO `post` VALUES ('214', '1000241095', '147', '3', '2', '0', '0', '2015-08-17', '2015-08-17', 'String变量类型作为管理者的设计疑问', null, '1');
INSERT INTO `post` VALUES ('215', '1000240080', '233', '3', '2', '0', '0', '2015-08-17', '2015-08-17', '原来作业内不可以包含package', null, '0');
INSERT INTO `post` VALUES ('216', '1000241085', '89', '3', '2', '1', '0', '2015-08-17', '2015-08-17', '欢迎大家加入Wengkai课程的qq群', null, '0');
INSERT INTO `post` VALUES ('217', '1000240067', '231', '3', '2', '0', '0', '2015-08-17', '2015-08-17', '第二周作业不用输出“嘀嗒”两个字。。。。', null, '0');
INSERT INTO `post` VALUES ('218', '1000241068', null, '3', '2', '0', '0', '2015-08-17', '2015-08-17', '关于for-each循环', null, '1');
INSERT INTO `post` VALUES ('219', '1000241060', null, '3', '2', '0', '0', '2015-08-17', '2015-08-17', '课堂问题', null, '1');
INSERT INTO `post` VALUES ('220', '1000240048', '236', '3', '2', '0', '0', '2015-08-17', '2015-08-17', '关于设置类成员函数及变量的权限问题', null, '1');
INSERT INTO `post` VALUES ('221', '1000241043', '237', '3', '2', '0', '0', '2015-08-03', '2015-08-05', '是不是就照葫芦画瓢再造一个子类啊？不会这么简单吧?', null, '0');
INSERT INTO `post` VALUES ('222', '1000240022', '238', '3', '2', '0', '0', '2015-08-03', '2015-08-05', '第四周作业....', null, '1');
INSERT INTO `post` VALUES ('223', '1000241017', '239', '3', '2', '0', '0', '2015-08-03', '2015-08-05', 'shapes.zip', null, '0');
INSERT INTO `post` VALUES ('224', '1000240011', '240', '3', '2', '0', '0', '2015-08-03', '2015-08-05', '第一周作业分数化简问题', null, '1');
INSERT INTO `post` VALUES ('225', '1000241000', '241', '3', '2', '0', '0', '2015-08-03', '2015-08-05', '老师，什么时候公布评分标准···', null, '1');
INSERT INTO `post` VALUES ('226', '1000236052', '242', '3', '2', '0', '0', '2015-08-03', '2015-08-05', '关于第三周作业请教', null, '0');
INSERT INTO `post` VALUES ('227', '1000237046', '242', '3', '2', '0', '0', '2015-08-03', '2015-08-05', '第三周作业那张图看不清楚怎么办', null, '0');
INSERT INTO `post` VALUES ('228', '1000236035', '173', '3', '2', '0', '0', '2015-08-03', '2015-08-05', '[求助]第三周作业本地通过在线不通过...', null, '0');
INSERT INTO `post` VALUES ('229', '1000236027', '245', '3', '2', '0', '0', '2015-08-03', '2015-08-05', '关于互评的说明', null, '1');
INSERT INTO `post` VALUES ('230', '1000237018', '246', '3', '2', '0', '0', '2015-08-03', '2015-08-05', '新手报到', null, '0');
INSERT INTO `post` VALUES ('231', '1000237009', '102', '3', '2', '0', '0', '2015-08-03', '2015-08-05', 'MP3互评。先到的两位进来看看吧。', null, '1');
INSERT INTO `post` VALUES ('232', '1000237001', '170', '3', '2', '1', '0', '2015-08-03', '2015-08-05', 'MP3 互评，互评.........', null, '1');
INSERT INTO `post` VALUES ('233', '1000237000', '249', '3', '2', '0', '0', '2015-08-03', '2015-08-05', '【已解决】第二周作业重写toString方法报错，可我看别人代码也是', null, '0');
INSERT INTO `post` VALUES ('234', '1000233031', '250', '3', '2', '0', '0', '2015-08-03', '2015-08-05', '第二周作业运行通过，但交作业时有一个错误。。', null, '0');
INSERT INTO `post` VALUES ('235', '1000233022', '251', '3', '2', '0', '0', '2015-08-03', '2015-08-05', '编程软件', null, '1');
INSERT INTO `post` VALUES ('236', '1000234012', '252', '3', '2', '2', '0', '2015-08-03', '2015-08-05', '奋斗模式,也只能等到以后再看', null, '0');
INSERT INTO `post` VALUES ('237', '1000234006', null, '3', '2', '0', '0', '2015-08-03', '2015-08-05', '第一周编程 编译有错误，eclipse上面没问题啊 求教', null, '1');
INSERT INTO `post` VALUES ('238', '1000231030', '155', '3', '2', '0', '0', '2015-08-03', '2015-08-05', 'java里是不是没有指针的概念', null, '0');
INSERT INTO `post` VALUES ('239', '1000232012', '254', '3', '2', '0', '0', '2015-08-03', '2015-08-05', '第一周测验提交出错问题', null, '0');
INSERT INTO `post` VALUES ('240', '1000231013', '255', '3', '2', '0', '0', '2015-08-03', '2015-08-05', '第二周作业测试1没通过，请大家帮忙看一下', null, '0');
INSERT INTO `post` VALUES ('241', '1000230048', '256', '3', '2', '0', '0', '2015-07-23', '2015-07-23', '第三周作业，本机测试没问题，提交不通过', null, '0');
INSERT INTO `post` VALUES ('242', '1000230046', '257', '3', '2', '0', '0', '2015-07-23', '2015-07-23', '第二周的练习题，关于封装', null, '0');
INSERT INTO `post` VALUES ('243', '1000229033', '249', '3', '2', '1', '0', '2015-07-23', '2015-07-23', '应该还有优化的余地，哪位大神能给个最优代码参考或者给点建议？', null, '0');
INSERT INTO `post` VALUES ('244', '1000229031', '259', '3', '2', '0', '0', '2015-07-23', '2015-07-23', '数组', null, '1');
INSERT INTO `post` VALUES ('245', '1000230034', '85', '3', '2', '0', '0', '2015-07-23', '2015-07-23', '3.3最后一次输出的HashSet的顺序为什么和我的不一样', null, '1');
INSERT INTO `post` VALUES ('246', '1000229026', '261', '3', '2', '0', '0', '2015-07-23', '2015-07-23', '第三周-测试通过，提交不到？？', null, '0');
INSERT INTO `post` VALUES ('247', '1000229019', '262', '3', '2', '0', '0', '2015-07-23', '2015-07-23', '第一周的作业小小疑问求大神看看', null, '0');
INSERT INTO `post` VALUES ('248', '1000230014', '249', '3', '2', '0', '0', '2015-07-23', '2015-07-23', '第一周作业有四个理解性的疑问，请教各路大神！！#########', null, '0');
INSERT INTO `post` VALUES ('249', '1000228007', '264', '3', '2', '0', '0', '2015-07-23', '2015-07-23', '第三周作业的空格问题', null, '1');
INSERT INTO `post` VALUES ('250', '1000228005', '265', '3', '2', '0', '0', '2015-07-23', '2015-07-23', '第三周测验要考虑特殊情况吗？', null, '0');
INSERT INTO `post` VALUES ('251', '1000227013', '264', '3', '2', '0', '0', '2015-07-23', '2015-07-23', '第二周作业的几个陷阱', null, '0');
INSERT INTO `post` VALUES ('252', '1000227000', null, '3', '2', '0', '0', '2015-07-23', '2015-07-23', '求助：第二周作业，审核不通过。', null, '0');
INSERT INTO `post` VALUES ('253', '1000225077', '148', '3', '2', '0', '0', '2015-07-23', '2015-07-23', '为什么例二没有通过？', null, '0');
INSERT INTO `post` VALUES ('254', '1000226071', '268', '3', '2', '0', '0', '2015-07-23', '2015-07-23', 'elementData 会自动创建吗？', null, '1');
INSERT INTO `post` VALUES ('255', '1000226060', '269', '3', '2', '0', '0', '2015-07-23', '2015-07-23', '老师的操作非常熟练，有些操作技巧是怎么做到的？', null, '1');
INSERT INTO `post` VALUES ('256', '1000225046', '270', '3', '2', '0', '0', '2015-07-23', '2015-07-23', 's作为管理者？', null, '1');
INSERT INTO `post` VALUES ('257', '1000226043', '97', '3', '2', '0', '0', '2015-07-23', '2015-07-23', '在本人ecplise里运行没问题，提交老是出现请检查程序输出的格式', null, '0');
INSERT INTO `post` VALUES ('258', '1000226041', '272', '3', '2', '0', '0', '2015-07-23', '2015-07-23', '我这个为什么在eclipse上运行不出结果呢', null, '0');
INSERT INTO `post` VALUES ('259', '1000225041', '89', '3', '2', '0', '0', '2015-07-23', '2015-07-23', '老师，做成的程序怎么打包成可执行程序？', null, '0');
INSERT INTO `post` VALUES ('260', '1000225038', '155', '3', '2', '0', '0', '2015-07-23', '2015-07-23', '第二次作业的一点小问题', null, '0');
INSERT INTO `post` VALUES ('261', '1000225021', '275', '3', '2', '0', '0', '2015-07-16', '2015-07-17', '第二周本机运行OK，提交怎么就编译错误呢？', null, '0');
INSERT INTO `post` VALUES ('262', '1000225006', '130', '3', '2', '-2', '0', '2015-07-16', '2015-07-17', '我觉得老师应该把代码公布到课件里面并且可以复制', null, '1');
INSERT INTO `post` VALUES ('263', '1000223006', '277', '3', '2', '0', '0', '2015-07-16', '2015-07-17', '第一周的作业 本地调试是通的为什么提交一直失败', null, '0');
INSERT INTO `post` VALUES ('264', '1000222006', '278', '3', '2', '0', '0', '2015-07-16', '2015-07-17', '第二周作业value超过了limit的限制大家都有做处理么', null, '0');
INSERT INTO `post` VALUES ('265', '1000221010', '181', '3', '2', '0', '0', '2015-07-16', '2015-07-17', '老师第二题有毒啊！', null, '1');
INSERT INTO `post` VALUES ('266', '1000221008', '151', '3', '2', '0', '0', '2015-07-16', '2015-07-17', '输出格式不对', null, '1');
INSERT INTO `post` VALUES ('267', '1000220031', null, '3', '2', '0', '0', '2015-07-16', '2015-07-17', '不格式化直接print出的是什么？toString函数什么时候被调用了？', null, '0');
INSERT INTO `post` VALUES ('268', '1000220030', '182', '3', '2', '1', '0', '2015-07-16', '2015-07-17', '第二周作业问题，输出格式（已解决）', null, '0');
INSERT INTO `post` VALUES ('269', '1000219067', '133', '3', '2', '0', '0', '2015-07-16', '2015-07-17', '第一周作业总算过了', null, '0');
INSERT INTO `post` VALUES ('270', '1000220025', '283', '3', '2', '0', '0', '2015-07-16', '2015-07-17', '寻找shapes.zip', null, '0');
INSERT INTO `post` VALUES ('271', '1000220024', '123', '3', '2', '1', '0', '2015-07-16', '2015-07-17', '貌似 2.1的两个视频顺序错了', null, '1');
INSERT INTO `post` VALUES ('272', '1000219058', '181', '3', '2', '0', '0', '2015-07-16', '2015-07-17', '构造一个a/b的分数,是什么意思。。', null, '0');
INSERT INTO `post` VALUES ('273', '1000219030', '98', '3', '2', '0', '0', '2015-07-16', '2015-07-17', '求教：eclipse报错了。。', null, '0');
INSERT INTO `post` VALUES ('274', '1000219017', '287', '3', '2', '0', '0', '2015-07-16', '2015-07-17', '用例1未通过。。', null, '0');
INSERT INTO `post` VALUES ('275', '1000219015', '151', '3', '2', '0', '0', '2015-07-16', '2015-07-17', '终于写出来得了10分', null, '0');
INSERT INTO `post` VALUES ('276', '1000220002', null, '3', '2', '0', '0', '2015-07-16', '2015-07-17', 'j2ee是什么？', null, '0');
INSERT INTO `post` VALUES ('277', '1000219008', '289', '3', '2', '0', '0', '2015-07-16', '2015-07-17', '编译出现无法从静态上下文引用非静态变量this是怎么回事？', null, '0');
INSERT INTO `post` VALUES ('278', '1000219006', '290', '3', '2', '2', '0', '2015-07-16', '2015-07-17', '是在下输了，这题目的设定略坑', null, '1');
INSERT INTO `post` VALUES ('279', '1000219005', '291', '3', '2', '0', '0', '2015-07-16', '2015-07-17', '类方法中定义同类对象的问题', null, '0');
INSERT INTO `post` VALUES ('280', '1000218029', '292', '3', '2', '1', '0', '2015-07-16', '2015-07-17', '刚从ZJU毕业然后又开始学习ZJU的MOOC了', null, '1');
INSERT INTO `post` VALUES ('281', '1000217029', '100', '3', '2', '0', '0', '2015-07-09', '2015-07-20', '老师请问从哪里下载shapes.zip？', null, '0');
INSERT INTO `post` VALUES ('282', '1000217022', '294', '3', '2', '0', '0', '2015-07-09', '2015-07-20', '第一周作业中toDouble()的作用', null, '1');
INSERT INTO `post` VALUES ('283', '1000217018', '295', '3', '2', '0', '0', '2015-07-09', '2015-07-20', '自己的电脑运行可以，但是上传后就不行...', null, '0');
INSERT INTO `post` VALUES ('284', '1000218014', '296', '3', '2', '0', '0', '2015-07-09', '2015-07-20', 'eclipse内结果正确，提交作业时却提示结果错误……', null, '0');
INSERT INTO `post` VALUES ('285', '1000218013', '297', '3', '2', '0', '0', '2015-07-09', '2015-07-20', 'The public type Main must be defined in its own file这是什么', null, '0');
INSERT INTO `post` VALUES ('286', '1000217005', '298', '3', '2', '0', '0', '2015-07-09', '2015-07-20', '大家知道翁老师用的什么录屏软件吗？', null, '1');
INSERT INTO `post` VALUES ('287', '1000216051', '299', '3', '2', '0', '0', '2015-07-09', '2015-07-20', '关键词', null, '1');
INSERT INTO `post` VALUES ('288', '1000216049', '70', '3', '2', '0', '0', '2015-07-09', '2015-07-20', 'Java读法', null, '1');
INSERT INTO `post` VALUES ('289', '1000215054', '150', '3', '2', '0', '0', '2015-07-09', '2015-07-20', 'new创建的数组会得到默认的0值', null, '1');
INSERT INTO `post` VALUES ('290', '1000216045', '302', '3', '2', '0', '0', '2015-07-09', '2015-07-20', '文字版课件？', null, '1');
INSERT INTO `post` VALUES ('291', '1000215051', '303', '3', '2', '0', '0', '2015-07-09', '2015-07-20', '在哪下载shapes.zip?', null, '0');
INSERT INTO `post` VALUES ('292', '1000216040', null, '3', '2', '0', '0', '2015-07-09', '2015-07-20', '跪求求好心人分析代码哪里错了，一直通不过测试', null, '0');
INSERT INTO `post` VALUES ('293', '1000216039', '123', '3', '2', '0', '0', '2015-07-09', '2015-07-20', '关于 周一 作业调试的一个错误提示 搞不明白 请老师讲一下.', null, '0');
INSERT INTO `post` VALUES ('294', '1000216038', null, '3', '2', '0', '0', '2015-07-09', '2015-07-20', '初学者求助', null, '1');
INSERT INTO `post` VALUES ('295', '1000216025', '305', '3', '2', '0', '0', '2015-07-09', '2015-07-20', '一个“永恒”的黄灯与无解', null, '1');
INSERT INTO `post` VALUES ('296', '2001411006', '306', '3', '1', '0', '0', '2015-07-09', '2015-07-20', 'String中\"==\"', null, '0');
INSERT INTO `post` VALUES ('297', '1000322000', '307', '3', '1', '0', '0', '2015-07-09', '2015-07-20', '如果你追上我我就让你。。。', null, '0');
INSERT INTO `post` VALUES ('298', '1000301035', '308', '3', '1', '0', '0', '2015-07-09', '2015-07-20', '求狐狸与兔子的代码', null, '0');
INSERT INTO `post` VALUES ('299', '1000301015', '309', '3', '1', '0', '0', '2015-07-09', '2015-07-20', 'Java语言应用技术何时开放学习呢', null, '0');
INSERT INTO `post` VALUES ('300', '1000290018', '110', '3', '1', '0', '0', '2015-07-09', '2015-07-20', '最终得分怎么看阿', null, '0');
INSERT INTO `post` VALUES ('301', '1000273007', '311', '3', '1', '0', '0', '2015-09-12', '2015-09-12', '编程遇到问题', null, '1');
INSERT INTO `post` VALUES ('302', '1000271048', '210', '3', '1', '0', '0', '2015-09-12', '2015-09-12', '关于repaint的问题', null, '1');
INSERT INTO `post` VALUES ('303', '1000270043', null, '3', '1', '0', '0', '2015-09-12', '2015-09-12', '数组', null, '1');
INSERT INTO `post` VALUES ('304', '1000270042', '313', '3', '1', '0', '0', '2015-09-12', '2015-09-12', '用户输入的一串数字中第一个是数组长度？', null, '1');
INSERT INTO `post` VALUES ('305', '1000270018', '225', '3', '1', '5', '0', '2015-09-12', '2015-09-12', '翁老师教师节快乐！', null, '1');
INSERT INTO `post` VALUES ('306', '1000271011', '315', '3', '1', '0', '0', '2015-09-12', '2015-09-12', '直接写进主函数里这样为什么不对', null, '1');
INSERT INTO `post` VALUES ('307', '1000271010', '161', '3', '1', '0', '0', '2015-09-12', '2015-09-12', '期末考试提交时剩下4秒提交，算有效提交吗？', null, '0');
INSERT INTO `post` VALUES ('308', '1000268007', '317', '3', '1', '0', '0', '2015-09-12', '2015-09-12', '询问相关书籍', null, '1');
INSERT INTO `post` VALUES ('309', '1000266026', '149', '3', '1', '0', '0', '2015-09-12', '2015-09-12', '考试编程题做出来了，但是还是得了0分', null, '1');
INSERT INTO `post` VALUES ('310', '1000266013', '133', '3', '1', '0', '0', '2015-09-12', '2015-09-12', 'eclipse无法运行了', null, '0');
INSERT INTO `post` VALUES ('311', '1000267014', '225', '3', '1', '3', '0', '2015-09-12', '2015-09-12', '遗憾', null, '0');
INSERT INTO `post` VALUES ('312', '1000267006', null, '3', '1', '0', '0', '2015-09-12', '2015-09-12', '第二次作业本地可运行，但提交后始终通不过。', null, '0');
INSERT INTO `post` VALUES ('313', '1000267004', '208', '3', '1', '0', '0', '2015-09-12', '2015-09-12', '能不能给一下期末考试的各个测试数据？我只有第二个通过了。', null, '0');
INSERT INTO `post` VALUES ('314', '1000262023', '322', '3', '1', '2', '0', '2015-09-12', '2015-09-12', '拖延成癌。。。', null, '0');
INSERT INTO `post` VALUES ('315', '1000262019', '133', '3', '1', '0', '0', '2015-09-12', '2015-09-12', '第八周的两个问题', null, '1');
INSERT INTO `post` VALUES ('316', '1000262013', '208', '3', '1', '0', '0', '2015-09-12', '2015-09-12', '跟本课程无关。请知道的回答一下。谢谢。', null, '0');
INSERT INTO `post` VALUES ('317', '1000263006', '294', '3', '1', '2', '0', '2015-09-12', '2015-09-12', '蓝胡子的妻子（简单的多结局文字冒险游戏）', null, '0');
INSERT INTO `post` VALUES ('318', '1000263002', '68', '3', '1', '0', '0', '2015-09-12', '2015-09-12', '为什么第四周的互评作业还没有公布成绩？', null, '1');
INSERT INTO `post` VALUES ('319', '1000263001', null, '3', '1', '1', '0', '2015-09-12', '2015-09-12', '这么迟了，不知道还可以骗赞吗？', null, '0');
INSERT INTO `post` VALUES ('320', '1000261004', '133', '3', '1', '0', '0', '2015-09-12', '2015-09-12', '第七周的cell知道field是什么意思？', null, '1');
INSERT INTO `post` VALUES ('321', '1000260001', '328', '3', '1', '0', '0', '2015-08-27', '2015-08-27', '为什么我只能看到4周的作业', null, '0');
INSERT INTO `post` VALUES ('322', '1000260000', '278', '3', '1', '5', '0', '2015-08-27', '2015-08-27', '我的城堡游戏，可以简单战斗，简单使用物品', null, '0');
INSERT INTO `post` VALUES ('323', '1000259032', null, '3', '1', '0', '0', '2015-08-27', '2015-08-27', '提交作业的时候出现问题，请老师解答一下', null, '1');
INSERT INTO `post` VALUES ('324', '1000258024', '330', '3', '1', '0', '0', '2015-08-27', '2015-08-27', 'arg0,arg1,arg2', null, '1');
INSERT INTO `post` VALUES ('325', '1000258023', '175', '3', '1', '1', '0', '2015-08-27', '2015-08-27', '我感觉我的游戏写的各种不符合规范,但是又不知道怎么修改.', null, '0');
INSERT INTO `post` VALUES ('326', '1000258022', '208', '3', '1', '1', '0', '2015-08-27', '2015-08-27', '一个关于中医五行脏腑的问答游戏', null, '0');
INSERT INTO `post` VALUES ('327', '1000258019', '333', '3', '1', '0', '0', '2015-08-27', '2015-08-27', '第三次作业，笨方法', null, '1');
INSERT INTO `post` VALUES ('328', '1000259018', '136', '3', '1', '0', '0', '2015-08-27', '2015-08-27', '出错提问：foxnrabbit程序修改，每步只对有animal的cell进行操作', null, '1');
INSERT INTO `post` VALUES ('329', '1000258015', '126', '3', '1', '1', '0', '2015-08-27', '2015-08-27', '我的城堡游戏,欢迎各位来捧场,', null, '0');
INSERT INTO `post` VALUES ('330', '1000258011', '150', '3', '1', '0', '0', '2015-08-27', '2015-08-27', 'Field中getNeighbour()方法是不是有问题？', null, '1');
INSERT INTO `post` VALUES ('331', '1000259007', '107', '3', '1', '0', '0', '2015-08-27', '2015-08-27', '第二次作业：没调用toString，为什么会输出时间？', null, '1');
INSERT INTO `post` VALUES ('332', '1000259003', '110', '3', '1', '0', '0', '2015-08-27', '2015-08-27', '第八周都有了/HashMap取出顺序是不能掌控的，是固定的吗', null, '1');
INSERT INTO `post` VALUES ('333', '1000258003', '339', '3', '1', '0', '0', '2015-08-27', '2015-08-27', '第三周作业编译错误问题', null, '0');
INSERT INTO `post` VALUES ('334', '1000258002', '322', '3', '1', '0', '0', '2015-08-27', '2015-08-27', '第二周作业提交时显示超出时间限制，求助。', null, '0');
INSERT INTO `post` VALUES ('335', '1000255015', '341', '3', '1', '0', '0', '2015-08-27', '2015-08-27', '第一周的作业遇到些问题。希望老师，或着有经验的同学给帮忙看看', null, '0');
INSERT INTO `post` VALUES ('336', '1000255013', '342', '3', '1', '0', '0', '2015-08-27', '2015-08-27', '作业三的提交要求', null, '1');
INSERT INTO `post` VALUES ('337', '1000255012', '343', '3', '1', '1', '0', '2015-08-27', '2015-08-27', '关于逃离城堡的小游戏，欢迎试玩！', null, '0');
INSERT INTO `post` VALUES ('338', '1000254008', '344', '3', '1', '0', '0', '2015-08-27', '2015-08-27', '老师，你好！在哪下载shapes.zip呢', null, '0');
INSERT INTO `post` VALUES ('339', '1000255009', '345', '3', '1', '0', '0', '2015-08-27', '2015-08-27', '不太理解Animal类中的breed函数为啥非得是abstract的？', null, '1');
INSERT INTO `post` VALUES ('340', '1000254003', '213', '3', '1', '0', '0', '2015-08-27', '2015-08-27', '第二周的作业我很疑惑~~ 希望大家指点', null, '0');
INSERT INTO `post` VALUES ('341', '1000255000', '347', '3', '1', '0', '0', '2015-08-18', '2015-08-19', '第二周的作业，一提交老是报编译器没有创造预期的二进制', null, '1');
INSERT INTO `post` VALUES ('342', '1000253011', '348', '3', '1', '0', '0', '2015-08-18', '2015-08-19', '【解密类】Bad城堡，bug版...', null, '0');
INSERT INTO `post` VALUES ('343', '1000252010', null, '3', '1', '0', '0', '2015-08-18', '2015-08-19', '关于大括号换行的问题？', null, '1');
INSERT INTO `post` VALUES ('344', '1000252009', '76', '3', '1', '0', '0', '2015-08-18', '2015-08-19', '关于程序传入顺序的问题', null, '1');
INSERT INTO `post` VALUES ('345', '1000253007', '74', '3', '1', '0', '0', '2015-08-18', '2015-08-19', '这一周讲解异常吗?', null, '1');
INSERT INTO `post` VALUES ('346', '1000252001', '351', '3', '1', '1', '0', '2015-08-18', '2015-08-19', '第三周作业 用一维数组存储矩阵只能通过例2，折腾了半天，求讨论', null, '0');
INSERT INTO `post` VALUES ('347', '1000253001', '352', '3', '1', '0', '0', '2015-08-18', '2015-08-19', '猜谜-四道卡，做得比较挫', null, '0');
INSERT INTO `post` VALUES ('348', '1000250030', '353', '3', '1', '0', '0', '2015-08-18', '2015-08-19', '关于if', null, '1');
INSERT INTO `post` VALUES ('349', '1000250018', '354', '3', '1', '0', '0', '2015-08-18', '2015-08-19', '第二周作业编译没问题，不知道什么因素提交不成功', null, '0');
INSERT INTO `post` VALUES ('350', '1000251027', '355', '3', '1', '0', '0', '2015-08-18', '2015-08-19', 'shapes提示报错', null, '0');
INSERT INTO `post` VALUES ('351', '1000250017', '356', '3', '1', '0', '0', '2015-08-18', '2015-08-19', 'item中的print既然可以什么都不做，为什么不定义print会报错', null, '0');
INSERT INTO `post` VALUES ('352', '1000250008', '1', '3', '1', '3', '0', '2015-08-18', '2015-08-19', '建议多刷新吧', null, '1');
INSERT INTO `post` VALUES ('353', '1000251011', '115', '3', '1', '1', '0', '2015-08-18', '2015-08-19', '第一周作业的完善版 ，扩展到可以是任意大的有理数。', null, '0');
INSERT INTO `post` VALUES ('354', '1000251009', '359', '3', '1', '0', '0', '2015-08-18', '2015-08-19', '老师求帮助', null, '0');
INSERT INTO `post` VALUES ('355', '1000251006', '70', '3', '1', '0', '0', '2015-08-18', '2015-08-19', '利用导入不是更方便吗？', null, '0');
INSERT INTO `post` VALUES ('356', '1000251005', '173', '3', '1', '1', '0', '2015-08-18', '2015-08-19', '地下世界探索-迷失 在这里发真的可以骗赞吗。。？', null, '0');
INSERT INTO `post` VALUES ('357', '1000251003', '96', '3', '1', '10', '0', '2015-08-18', '2015-08-19', '城堡游戏再度更新，修复部分BUG（求点赞~~Thank you 思密达）', null, '0');
INSERT INTO `post` VALUES ('358', '1000251001', '124', '3', '1', '0', '0', '2015-08-18', '2015-08-19', '求助大家一个问题', null, '1');
INSERT INTO `post` VALUES ('359', '1000251000', '70', '3', '1', '0', '0', '2015-08-18', '2015-08-19', '请教一个格式化字符串的问题', null, '1');
INSERT INTO `post` VALUES ('360', '1000249034', '365', '3', '1', '0', '0', '2015-08-18', '2015-08-19', '继承的问题 为什么print出来的是父类的那个x，而不是之类的呢？', null, '0');
INSERT INTO `post` VALUES ('361', '1000249025', '366', '3', '1', '0', '0', '2015-08-12', '2015-08-14', '老师，《java应用技术》这门课会开吗', null, '1');
INSERT INTO `post` VALUES ('362', '1000248019', '144', '3', '1', '0', '0', '2015-08-12', '2015-08-14', '作业中一些问题', null, '1');
INSERT INTO `post` VALUES ('363', '1000248017', '123', '3', '1', '0', '0', '2015-08-12', '2015-08-14', '谁有底6周 老师讲课视频上的代码啊? 提供一个', null, '0');
INSERT INTO `post` VALUES ('364', '1000249018', '369', '3', '1', '0', '0', '2015-08-12', '2015-08-14', '关于第二周作业的问题', null, '0');
INSERT INTO `post` VALUES ('365', '1000249017', '147', '3', '1', '0', '0', '2015-08-12', '2015-08-14', '在castle中实现paly这个类的思路的适用范围的疑问', null, '0');
INSERT INTO `post` VALUES ('366', '1000249016', '371', '3', '1', '0', '0', '2015-08-12', '2015-08-14', '4.2程序出错，怎么都找不到原因', null, '0');
INSERT INTO `post` VALUES ('367', '1000248010', '89', '3', '1', '7', '0', '2015-08-12', '2015-08-14', 'Javc制作的城堡游戏，已经打包放在了百度网盘上，欢迎试玩！', null, '0');
INSERT INTO `post` VALUES ('368', '1000249007', '373', '3', '1', '0', '0', '2015-08-12', '2015-08-14', 'eclipse中的中文，按要求更改了设置后依然是乱码！', null, '0');
INSERT INTO `post` VALUES ('369', '1000248004', '374', '3', '1', '0', '0', '2015-08-12', '2015-08-14', '第一周编程题提交失败', null, '0');
INSERT INTO `post` VALUES ('370', '1000248002', '375', '3', '1', '0', '0', '2015-08-12', '2015-08-14', '求助：城堡游戏', null, '0');
INSERT INTO `post` VALUES ('371', '1000247010', '133', '3', '1', '0', '0', '2015-08-12', '2015-08-14', '互评怎么评？', null, '1');
INSERT INTO `post` VALUES ('372', '1000247009', null, '3', '1', '0', '0', '2015-08-12', '2015-08-14', '那个框架加数据视频 为什么传help 可以运行。', null, '1');
INSERT INTO `post` VALUES ('373', '1000246010', '377', '3', '1', '0', '0', '2015-08-12', '2015-08-14', '作业三中的矩阵一定是对称矩阵吗？', null, '1');
INSERT INTO `post` VALUES ('374', '1000246009', '144', '3', '1', '0', '0', '2015-08-12', '2015-08-14', 'shapes.zip在哪里？', null, '0');
INSERT INTO `post` VALUES ('375', '1000246005', '128', '3', '1', '0', '0', '2015-08-12', '2015-08-14', 'html5播放器orFlash播放器', null, '0');
INSERT INTO `post` VALUES ('376', '1000247004', '380', '3', '1', '0', '0', '2015-08-12', '2015-08-14', 'homework 3 problem', null, '0');
INSERT INTO `post` VALUES ('377', '1000244034', '322', '3', '1', '0', '0', '2015-08-12', '2015-08-14', '第四周继承一节为何我的输出没有DVD?', null, '0');
INSERT INTO `post` VALUES ('378', '1000244028', '382', '3', '1', '0', '0', '2015-08-12', '2015-08-14', '关于第三周作业', null, '0');
INSERT INTO `post` VALUES ('379', '1000244018', '383', '3', '1', '0', '0', '2015-08-12', '2015-08-14', '老师，您好。我是刚刚加入的学生', null, '1');
INSERT INTO `post` VALUES ('380', '1000245017', '384', '3', '1', '0', '0', '2015-08-12', '2015-08-14', 'Shapes代码文件在哪下啊，第一节里提到的那个', null, '0');
INSERT INTO `post` VALUES ('381', '1000245010', '385', '3', '1', '0', '0', '2015-08-07', '2015-08-08', '关于本地变量的规则', null, '1');
INSERT INTO `post` VALUES ('382', '1000240087', '133', '3', '1', '0', '0', '2015-08-07', '2015-08-08', '为什么我的equals函数的参数跟老师的不一样？', null, '1');
INSERT INTO `post` VALUES ('383', '1000240072', null, '3', '1', '0', '0', '2015-08-07', '2015-08-08', 'listItem.add(item);', null, '1');
INSERT INTO `post` VALUES ('384', '1000241079', '114', '3', '1', '2', '0', '2015-08-07', '2015-08-08', '关于课程作业的一点建业', null, '1');
INSERT INTO `post` VALUES ('385', '1000241077', '181', '3', '1', '0', '0', '2015-08-07', '2015-08-08', 'Compiler did not create the expected binary', null, '0');
INSERT INTO `post` VALUES ('386', '1000241074', '389', '3', '1', '0', '0', '2015-08-07', '2015-08-08', '为什么这里动态绑定就出错了呢？？', null, '1');
INSERT INTO `post` VALUES ('387', '1000240064', '114', '3', '1', '0', '0', '2015-08-07', '2015-08-08', '第四周作业，互评', null, '0');
INSERT INTO `post` VALUES ('388', '1000240053', '77', '3', '1', '0', '0', '2015-08-07', '2015-08-08', '第四章提交作业时还要不要改成Main类再提交？？', null, '1');
INSERT INTO `post` VALUES ('389', '1000241062', '216', '3', '1', '0', '0', '2015-08-07', '2015-08-08', '关于super和this', null, '1');
INSERT INTO `post` VALUES ('390', '1000241055', '117', '3', '1', '0', '0', '2015-08-07', '2015-08-08', '第四周作业', null, '1');
INSERT INTO `post` VALUES ('391', '1000240049', null, '3', '1', '0', '0', '2015-08-07', '2015-08-08', '请问老师第五单元的作业呢', null, '1');
INSERT INTO `post` VALUES ('392', '1000241045', '133', '3', '1', '0', '0', '2015-08-07', '2015-08-08', '继承有什么用？', null, '0');
INSERT INTO `post` VALUES ('393', '1000240039', null, '3', '1', '0', '0', '2015-08-07', '2015-08-08', '第三周作业直接在main函数里写代码也能实现，但无法通过', null, '0');
INSERT INTO `post` VALUES ('394', '1000241034', '133', '3', '1', '0', '0', '2015-08-07', '2015-08-08', '第四周的作业只能提交一次吗？', null, '1');
INSERT INTO `post` VALUES ('395', '1000240029', '173', '3', '1', '0', '0', '2015-08-07', '2015-08-08', '第四章作业问题。', null, '1');
INSERT INTO `post` VALUES ('396', '1000241020', '397', '3', '1', '0', '0', '2015-08-07', '2015-08-08', '第四周课程中父类构造器中有gotIt，而在子类构造器中没有', null, '1');
INSERT INTO `post` VALUES ('397', '1000241014', '240', '3', '1', '0', '0', '2015-08-07', '2015-08-08', '第二周作业问题 运行都没问题 提交时说结果不对', null, '0');
INSERT INTO `post` VALUES ('398', '1000239015', '114', '3', '1', '0', '0', '2015-08-07', '2015-08-08', '我运行后出现内存溢出，不知道是什么导致的，望指点', null, '0');
INSERT INTO `post` VALUES ('399', '1000238010', '400', '3', '1', '0', '0', '2015-08-07', '2015-08-08', '数组名里存储的内容', null, '1');
INSERT INTO `post` VALUES ('400', '1000238001', '401', '3', '1', '0', '0', '2015-08-07', '2015-08-08', '构造函数中调用virtual的函数为什么总是调用的是子类的函数？', null, '1');
INSERT INTO `post` VALUES ('401', '1000239005', '149', '3', '1', '0', '0', '2015-07-30', '2015-08-01', '第一周感想', null, '1');
INSERT INTO `post` VALUES ('402', '1000239002', '401', '3', '1', '0', '0', '2015-07-30', '2015-08-01', 'java里new分配空间何时释放，会不会有内存溢出？', null, '1');
INSERT INTO `post` VALUES ('403', '1000238000', '182', '3', '1', '2', '0', '2015-07-30', '2015-08-01', '用了点小聪明，用hashmap完成了第三周作业@老师', null, '1');
INSERT INTO `post` VALUES ('404', '1000236043', '249', '3', '1', '0', '0', '2015-07-30', '2015-08-01', '之前用重写toString报错，原来是这里问题！', null, '1');
INSERT INTO `post` VALUES ('405', '1000236042', null, '3', '1', '0', '0', '2015-07-30', '2015-08-01', '数组在内存中是这么存储的？', null, '1');
INSERT INTO `post` VALUES ('406', '1000237029', '198', '3', '1', '0', '0', '2015-07-30', '2015-08-01', '请稍后...', null, '1');
INSERT INTO `post` VALUES ('407', '1000236032', '407', '3', '1', '0', '0', '2015-07-30', '2015-08-01', '第二周作业，有自己找不到的错误，求指教', null, '0');
INSERT INTO `post` VALUES ('408', '1000237022', '117', '3', '1', '0', '0', '2015-07-30', '2015-08-01', '第三周作业使用hashmap', null, '0');
INSERT INTO `post` VALUES ('409', '1000237019', '249', '3', '1', '0', '0', '2015-07-30', '2015-08-01', '【已解决】第二周作业的重写toString无法通过', null, '0');
INSERT INTO `post` VALUES ('410', '1000237011', '85', '3', '1', '0', '0', '2015-07-30', '2015-08-01', 'MP3互评..........', null, '1');
INSERT INTO `post` VALUES ('411', '1000236013', '296', '3', '1', '0', '0', '2015-07-30', '2015-08-01', '作业互评', null, '1');
INSERT INTO `post` VALUES ('412', '1000237008', null, '3', '1', '0', '0', '2015-07-30', '2015-08-01', '子类定义父类中非私有变量好像没报错？？', null, '1');
INSERT INTO `post` VALUES ('413', '1000236010', '412', '3', '1', '0', '0', '2015-07-30', '2015-08-01', '第二周作业——关于this的使用', null, '0');
INSERT INTO `post` VALUES ('414', '1000233061', '110', '3', '1', '0', '0', '2015-07-30', '2015-08-01', 'arraylist为顺序容器，set为集合容器，我以前学的貌似都叫集合', null, '1');
INSERT INTO `post` VALUES ('415', '1000234044', null, '3', '1', '0', '0', '2015-07-30', '2015-08-01', '为什么结果是-1', null, '0');
INSERT INTO `post` VALUES ('416', '1000234041', null, '3', '1', '1', '0', '2015-07-30', '2015-08-01', '提交作业时显示例2没通过，原因为结果错误，求指教。', null, '0');
INSERT INTO `post` VALUES ('417', '1000233054', '133', '3', '1', '0', '0', '2015-07-30', '2015-08-01', '作业中的类一定要是Main，否则不能通过', null, '1');
INSERT INTO `post` VALUES ('418', '1000233030', '415', '3', '1', '0', '0', '2015-07-30', '2015-08-01', '第三周编程题，本地运行结果没问题，为什么OJ上是结果错误呢？', null, '0');
INSERT INTO `post` VALUES ('419', '1000233027', '416', '3', '1', '0', '0', '2015-07-30', '2015-08-01', '第三周作业提交问题。。希望能得到答案。。', null, '0');
INSERT INTO `post` VALUES ('420', '1000232017', '115', '3', '1', '0', '0', '2015-07-30', '2015-08-01', '请问第三周题目意思是要把 图片中的数据全部录入吗？（求助）', null, '0');
INSERT INTO `post` VALUES ('421', '1000231028', null, '3', '1', '0', '0', '2015-07-24', '2015-07-24', '学完java之后能干嘛呢？', null, '0');
INSERT INTO `post` VALUES ('422', '1000232004', '418', '3', '1', '0', '0', '2015-07-24', '2015-07-24', '用例测试通过，tick()问题很大:设定时间为23:59:01,输出00:59:01', null, '0');
INSERT INTO `post` VALUES ('423', '1000230042', '419', '3', '1', '0', '0', '2015-07-24', '2015-07-24', '对 哪些部分应该放进类里？哪些部分可以放main函数里？ 感到困惑', null, '0');
INSERT INTO `post` VALUES ('424', '1000229034', '249', '3', '1', '0', '0', '2015-07-24', '2015-07-24', '老师，关于this可以这样理解吗？', null, '0');
INSERT INTO `post` VALUES ('425', '1000230029', '421', '3', '1', '0', '0', '2015-07-24', '2015-07-24', '第一周作业编译出问题', null, '0');
INSERT INTO `post` VALUES ('426', '1000230028', null, '3', '1', '0', '0', '2015-07-24', '2015-07-24', '第一周测验小问', null, '0');
INSERT INTO `post` VALUES ('427', '1000229012', '159', '3', '1', '0', '0', '2015-07-24', '2015-07-24', '第三周作业 python代码实现', null, '0');
INSERT INTO `post` VALUES ('428', '1000229011', '423', '3', '1', '0', '0', '2015-07-24', '2015-07-24', 'hash表只能是二维的么？', null, '0');
INSERT INTO `post` VALUES ('429', '1000230008', '265', '3', '1', '0', '0', '2015-07-24', '2015-07-24', '老师，为什么实例了两个Scanner的对象，就无法通过。', null, '1');
INSERT INTO `post` VALUES ('430', '1000230007', '175', '3', '1', '0', '0', '2015-07-24', '2015-07-24', '又是本机通过,提交出错（¯﹃¯）', null, '0');
INSERT INTO `post` VALUES ('431', '1000230004', '270', '3', '1', '0', '0', '2015-07-24', '2015-07-24', '包', null, '0');
INSERT INTO `post` VALUES ('432', '1000229001', '160', '3', '1', '0', '0', '2015-07-24', '2015-07-24', '第三周两个例子都通不过测试，但电脑上调试是正确，求解', null, '0');
INSERT INTO `post` VALUES ('433', '1000228009', '206', '3', '1', '0', '0', '2015-07-24', '2015-07-24', '这个是网站的问题还是老师操作失误了（讨论区问题重复显示）', null, '1');
INSERT INTO `post` VALUES ('434', '1000228008', '296', '3', '1', '0', '0', '2015-07-24', '2015-07-24', '作业中应该规定类名必须为Main', null, '1');
INSERT INTO `post` VALUES ('435', '1000227006', '149', '3', '1', '0', '0', '2015-07-24', '2015-07-24', '中途插课，新人报到！', null, '1');
INSERT INTO `post` VALUES ('436', '1000225080', '269', '3', '1', '3', '0', '2015-07-24', '2015-07-24', '关于课程的一点建议', null, '1');
INSERT INTO `post` VALUES ('437', '1000226074', '113', '3', '1', '0', '0', '2015-07-24', '2015-07-24', '使用容器类是否可以完全取代数组？', null, '1');
INSERT INTO `post` VALUES ('438', '1000226070', '89', '3', '1', '0', '0', '2015-07-24', '2015-07-24', '老师，向您咨询一下。', null, '1');
INSERT INTO `post` VALUES ('439', '1000225056', '89', '3', '1', '0', '0', '2015-07-24', '2015-07-24', '老师，问一些关于课程安排的问题？', null, '1');
INSERT INTO `post` VALUES ('440', '1000226055', '435', '3', '1', '0', '0', '2015-07-24', '2015-07-24', '提交作业异常', null, '0');
INSERT INTO `post` VALUES ('441', '1000226052', '436', '3', '1', '0', '0', '2015-07-18', '2015-07-19', 'OJ评分好低，不知道什么问题，求教！', null, '0');
INSERT INTO `post` VALUES ('442', '1000226051', '296', '3', '1', '0', '0', '2015-07-18', '2015-07-19', '可以走的时钟的实现方法', null, '0');
INSERT INTO `post` VALUES ('443', '1000226047', null, '3', '1', '0', '0', '2015-07-18', '2015-07-19', '关于PAT的一些问题', null, '0');
INSERT INTO `post` VALUES ('444', '1000226039', '438', '3', '1', '0', '0', '2015-07-18', '2015-07-19', '关于constructor', null, '0');
INSERT INTO `post` VALUES ('445', '1000226034', '148', '3', '1', '0', '0', '2015-07-18', '2015-07-19', '第二周作业提交后，回复提示不知道什么意思，求老师指教', null, '0');
INSERT INTO `post` VALUES ('446', '1000225039', null, '3', '1', '0', '0', '2015-07-18', '2015-07-19', '第一章作业问题', null, '0');
INSERT INTO `post` VALUES ('447', '1000225023', '440', '3', '1', '1', '0', '2015-07-18', '2015-07-19', '第二单元作业始终不对 （已解决）', null, '0');
INSERT INTO `post` VALUES ('448', '1000226013', '441', '3', '1', '0', '0', '2015-07-18', '2015-07-19', '无法理解的错误，如果第九行有错，没有理由第十行是对的呀，求教', null, '0');
INSERT INTO `post` VALUES ('449', '1000225013', '277', '3', '1', '0', '0', '2015-07-18', '2015-07-19', '第一次作业数据测试通过为什么还是提交失败', null, '0');
INSERT INTO `post` VALUES ('450', '1000225002', '443', '3', '1', '0', '0', '2015-07-18', '2015-07-19', '测验与作业', null, '0');
INSERT INTO `post` VALUES ('451', '1000223010', null, '3', '1', '0', '0', '2015-07-18', '2015-07-19', '我想问问关于一段代码的运行结果', null, '0');
INSERT INTO `post` VALUES ('452', '1000223002', '130', '3', '1', '0', '0', '2015-07-18', '2015-07-19', '终于搞定第一周题目了', null, '0');
INSERT INTO `post` VALUES ('453', '1000222008', '181', '3', '1', '0', '0', '2015-07-18', '2015-07-19', '无', null, '0');
INSERT INTO `post` VALUES ('454', '1000222005', '151', '3', '1', '0', '0', '2015-07-18', '2015-07-19', '用例1，例2测试结果错误，但在自己电脑上正常', null, '1');
INSERT INTO `post` VALUES ('455', '1000222003', null, '3', '1', '0', '0', '2015-07-18', '2015-07-19', '数组赋值', null, '1');
INSERT INTO `post` VALUES ('456', '1000220040', '447', '3', '1', '0', '0', '2015-07-18', '2015-07-19', '如何查看java源代码', null, '0');
INSERT INTO `post` VALUES ('457', '1000219075', null, '3', '1', '0', '0', '2015-07-18', '2015-07-19', '关于画图', null, '0');
INSERT INTO `post` VALUES ('458', '1000220028', '181', '3', '1', '0', '0', '2015-07-18', '2015-07-19', '结果出错', null, '0');
INSERT INTO `post` VALUES ('459', '1000219064', '123', '3', '1', '0', '0', '2015-07-18', '2015-07-19', '老师 你那个eclipse里面 Display.java 上面有个感叹号是啥意思?', null, '1');
INSERT INTO `post` VALUES ('460', '1000219056', '89', '3', '1', '0', '0', '2015-07-18', '2015-07-19', '请问成员函数与普通函数之间的区别是什么？', null, '1');
INSERT INTO `post` VALUES ('461', '1000219044', '451', '3', '1', '0', '0', '2015-07-12', '2015-07-12', '第一周第一课最后相关问题', null, '0');
INSERT INTO `post` VALUES ('462', '1000219040', '452', '3', '1', '0', '0', '2015-07-12', '2015-07-12', 'Java语言程序设计基础篇答案', null, '1');
INSERT INTO `post` VALUES ('463', '1000219038', null, '3', '1', '0', '0', '2015-07-12', '2015-07-12', '/', null, '0');
INSERT INTO `post` VALUES ('464', '1000219037', null, '3', '1', '0', '0', '2015-07-12', '2015-07-12', '为什么通过不了...没有看出错误啊~大家帮忙看一下', null, '0');
INSERT INTO `post` VALUES ('465', '1000219034', '453', '3', '1', '0', '0', '2015-07-12', '2015-07-12', '还好过了，差点就放弃了，，，，加油啊！', null, '0');
INSERT INTO `post` VALUES ('466', '1000219026', '451', '3', '1', '0', '0', '2015-07-12', '2015-07-12', '哪里下载shapes.zip', null, '0');
INSERT INTO `post` VALUES ('467', '1000220005', '455', '3', '1', '0', '0', '2015-07-12', '2015-07-12', '代码在eclipse里运行正确，但是提交作业时显示用例未通过', null, '0');
INSERT INTO `post` VALUES ('468', '1000220003', null, '3', '1', '0', '0', '2015-07-12', '2015-07-12', '播放器出错', null, '0');
INSERT INTO `post` VALUES ('469', '1000219000', '159', '3', '1', '0', '0', '2015-07-12', '2015-07-12', 'UML问题', null, '1');
INSERT INTO `post` VALUES ('470', '1000217031', null, '3', '1', '1', '0', '2015-07-12', '2015-07-12', '通过啦', null, '0');
INSERT INTO `post` VALUES ('471', '1000218027', '161', '3', '1', '0', '0', '2015-07-12', '2015-07-12', '提交后，编译错误提示是这样的', null, '0');
INSERT INTO `post` VALUES ('472', '1000217011', '133', '3', '1', '0', '0', '2015-07-12', '2015-07-12', '进阶的课会讲到android程序的开发吗？', null, '1');
INSERT INTO `post` VALUES ('473', '1000216052', '159', '3', '1', '0', '0', '2015-07-12', '2015-07-12', '作业在自己电脑运行正常，可是提交有错误，不知道哪里错误', null, '1');
INSERT INTO `post` VALUES ('474', '1000216034', '105', '3', '1', '0', '0', '2015-07-12', '2015-07-12', '第一周满分作业交流贴（已删）', null, '1');
INSERT INTO `post` VALUES ('475', '1000216031', '461', '3', '1', '0', '0', '2015-07-12', '2015-07-12', '章节0里的安全隐患', null, '1');
INSERT INTO `post` VALUES ('476', '1000215038', null, '3', '1', '0', '0', '2015-07-12', '2015-07-12', '安全隐患', null, '1');
INSERT INTO `post` VALUES ('477', '2001458007', '462', '3', '0', '0', '0', '2015-07-12', '2015-07-12', '考试第一题，答案为1，本人亲测编译通过答案为2，求解？', null, '0');
INSERT INTO `post` VALUES ('478', '2001446030', '463', '3', '0', '0', '0', '2015-07-12', '2015-07-12', '请问媒体资料库在哪了 ？', null, '0');
INSERT INTO `post` VALUES ('479', '2001445009', '463', '3', '0', '0', '0', '2015-07-12', '2015-07-12', '请问shapes在这里 去哪下载 ？', null, '0');
INSERT INTO `post` VALUES ('480', '2001423079', '465', '3', '0', '0', '0', '2015-07-12', '2015-07-12', '第五周作业', null, '0');
INSERT INTO `post` VALUES ('481', '2001368125', '466', '3', '0', '0', '0', '2016-01-13', '0000-00-00', '哈哈', null, '0');
INSERT INTO `post` VALUES ('482', '1000321008', '307', '3', '0', '0', '0', '2016-01-13', '0000-00-00', '狐狸与兔子长久版，改了一些参数，使整个生态系统得以动态延续', null, '0');
INSERT INTO `post` VALUES ('483', '1000302011', '309', '3', '0', '0', '0', '2016-01-13', '0000-00-00', 'Java语言应用技术', null, '0');
INSERT INTO `post` VALUES ('484', '1000281009', '469', '3', '0', '0', '0', '2016-01-13', '0000-00-00', 'clock小时钟问题', null, '0');
INSERT INTO `post` VALUES ('485', '1000272068', null, '3', '0', '0', '0', '2016-01-13', '0000-00-00', '哪里可以找到shapes.zip?', null, '0');
INSERT INTO `post` VALUES ('486', '1000273015', '470', '3', '0', '0', '0', '2016-01-13', '0000-00-00', '敲完代码结果没来得及提交', null, '0');
INSERT INTO `post` VALUES ('487', '1000273014', '182', '3', '0', '1', '0', '2016-01-13', '0000-00-00', '编程题时间最后几秒提交，结果还在计算时就直接结束给0分！！！', null, '0');
INSERT INTO `post` VALUES ('488', '1000268002', null, '3', '0', '0', '0', '2016-01-13', '0000-00-00', '把两个for循环写成一个adjacent好处在哪？', null, '0');
INSERT INTO `post` VALUES ('489', '1000267023', '264', '3', '0', '0', '0', '2016-01-13', '0000-00-00', '第三次作业，ec通过但提交运行不成功，不知何故', null, '0');
INSERT INTO `post` VALUES ('490', '1000267015', '473', '3', '0', '0', '0', '2016-01-13', '0000-00-00', '什么是平行对象？', null, '0');
INSERT INTO `post` VALUES ('491', '1000266011', '104', '3', '0', '0', '0', '2016-01-13', '0000-00-00', '期末考试编程题未提交怎么办', null, '0');
INSERT INTO `post` VALUES ('492', '1000264005', '475', '3', '0', '0', '0', '2016-01-13', '0000-00-00', '关于动物的地址', null, '0');
INSERT INTO `post` VALUES ('493', '1000264003', '476', '3', '0', '2', '0', '2016-01-13', '0000-00-00', '我的城堡游戏，欢迎大家来捧场，做的不好，请大家多指教！！', null, '0');
INSERT INTO `post` VALUES ('494', '1000265001', '161', '3', '0', '4', '0', '2016-01-13', '0000-00-00', '为了这个简单的小游戏，我这小白的水平也就尽力了。', null, '0');
INSERT INTO `post` VALUES ('495', '1000263016', '156', '3', '0', '0', '0', '2016-01-13', '0000-00-00', '城堡游戏争先赛参与', null, '0');
INSERT INTO `post` VALUES ('496', '1000263015', '479', '3', '0', '1', '0', '2016-01-13', '0000-00-00', '逃离深海沉船盗宝游戏', null, '0');
INSERT INTO `post` VALUES ('497', '1000262021', '291', '3', '0', '0', '0', '2016-01-13', '0000-00-00', '第四周作业互评不吐不快', null, '0');
INSERT INTO `post` VALUES ('498', '1000263010', '481', '3', '0', '0', '0', '2016-01-13', '0000-00-00', '作业只有一到四和第六周的吗？5,7,8都没有吗', null, '0');
INSERT INTO `post` VALUES ('499', '1000263004', '100', '3', '0', '0', '0', '2016-01-13', '0000-00-00', '老师哪里可以下载到foxandrabbit的源码？', null, '0');
INSERT INTO `post` VALUES ('500', '1000262004', '80', '3', '0', '1', '0', '2016-01-13', '0000-00-00', '随机城堡', null, '0');
INSERT INTO `post` VALUES ('501', '1000261008', '100', '3', '0', '0', '0', '2015-08-28', '0000-00-00', '进入房间会随机出现goodthing或是bad thing', null, '0');
INSERT INTO `post` VALUES ('502', '1000261003', '485', '3', '0', '0', '0', '2015-08-28', '0000-00-00', '第一周作业eclipse可以运行并正常，提交作业提示错误', null, '0');
INSERT INTO `post` VALUES ('503', '1000258037', '486', '3', '0', '0', '0', '2015-08-28', '0000-00-00', '第一周作业疑惑，请老师帮忙看一下，代码提交有问题，已贴出代码', null, '0');
INSERT INTO `post` VALUES ('504', '1000259023', '138', '3', '0', '0', '0', '2015-08-28', '0000-00-00', '已解决', null, '0');
INSERT INTO `post` VALUES ('505', '1000259016', '488', '3', '0', '2', '0', '2015-08-28', '0000-00-00', '中土世界背景的送信游戏', null, '0');
INSERT INTO `post` VALUES ('506', '1000257002', '489', '3', '0', '0', '0', '2015-08-28', '0000-00-00', '老师 问一个关于监听器的问题', null, '0');
INSERT INTO `post` VALUES ('507', '1000254015', '86', '3', '0', '1', '0', '2015-08-28', '0000-00-00', '城堡内寻找敌人并完成击杀的带图形界面的射击游戏（极简）', null, '0');
INSERT INTO `post` VALUES ('508', '1000254009', '140', '3', '0', '0', '0', '2015-08-28', '0000-00-00', '如何在游戏时再添加Handler？', null, '0');
INSERT INTO `post` VALUES ('509', '1000254006', '492', '3', '0', '1', '0', '2015-08-28', '0000-00-00', '俗套的王子公主小游戏，找到公主的房间王子的一个吻可以唤醒公主', null, '0');
INSERT INTO `post` VALUES ('510', '1000254004', '123', '3', '0', '0', '0', '2015-08-28', '0000-00-00', '接口是不是有可能带来 很多代码复制 问题啊?', null, '0');
INSERT INTO `post` VALUES ('511', '1000254001', '216', '3', '0', '1', '0', '2015-08-28', '0000-00-00', '这是一个迷宫游戏', null, '0');
INSERT INTO `post` VALUES ('512', '1000252004', null, '3', '0', '0', '0', '2015-08-28', '0000-00-00', 'TEST', null, '0');
INSERT INTO `post` VALUES ('513', '1000250027', '74', '3', '0', '0', '0', '2015-08-28', '0000-00-00', '辛苦老师了, 努力的没有点自动生成equals()', null, '0');
INSERT INTO `post` VALUES ('514', '1000251024', '496', '3', '0', '1', '0', '2015-08-28', '0000-00-00', '拯救小公举，提供多种通关方式哦（2种也算多种哈）。', null, '0');
INSERT INTO `post` VALUES ('515', '1000250013', '147', '3', '0', '0', '0', '2015-08-28', '0000-00-00', '新·在castle中实现paly这个类的思路的适用范围的疑问', null, '0');
INSERT INTO `post` VALUES ('516', '1000251002', null, '3', '0', '0', '0', '2015-08-28', '0000-00-00', '最近问题怎么那么多啊？', null, '0');
INSERT INTO `post` VALUES ('517', '1000249027', '1', '3', '0', '0', '0', '2015-08-28', '0000-00-00', '第6周的游戏争先赛要发到专门的板块去', null, '1');
INSERT INTO `post` VALUES ('518', '1000249020', '499', '3', '0', '0', '0', '2015-08-28', '0000-00-00', 'format(String, Object[]) in type String is not applicable', null, '0');
INSERT INTO `post` VALUES ('519', '1000248006', '374', '3', '0', '0', '0', '2015-08-28', '0000-00-00', '第一周作业提交不了-怎么办', null, '0');
INSERT INTO `post` VALUES ('520', '1000248003', '501', '3', '0', '0', '0', '2015-08-28', '0000-00-00', '第一周作业提交不了', null, '0');
INSERT INTO `post` VALUES ('521', '1000249003', '123', '3', '0', '0', '0', '2015-08-11', '0000-00-00', '那个游戏运行后 在go命令后 光标为什么在上两行跳动?', null, '0');
INSERT INTO `post` VALUES ('522', '1000245037', '147', '3', '0', '0', '0', '2015-08-11', '0000-00-00', '第四周作业--话说我仍然搞不懂作业提交到哪里去了', null, '0');
INSERT INTO `post` VALUES ('523', '1000244040', null, '3', '0', '0', '0', '2015-08-11', '0000-00-00', '第四周编程题', null, '0');
INSERT INTO `post` VALUES ('524', '1000244038', '128', '3', '0', '0', '0', '2015-08-11', '0000-00-00', '第四周作业', null, '0');
INSERT INTO `post` VALUES ('525', '1000244030', '505', '3', '0', '0', '0', '2015-08-11', '0000-00-00', '求教一个关于运行环境的错误提示 换了个library还是不行', null, '0');
INSERT INTO `post` VALUES ('526', '1000245033', '506', '3', '0', '0', '0', '2015-08-11', '0000-00-00', '第四周作业(需要分享作业和想法。。？)', null, '0');
INSERT INTO `post` VALUES ('527', '1000244015', '216', '3', '0', '0', '0', '2015-08-11', '0000-00-00', '关于堆内存溢出问题', null, '0');
INSERT INTO `post` VALUES ('528', '1000244011', '508', '3', '0', '0', '0', '2015-08-11', '0000-00-00', '作业', null, '0');
INSERT INTO `post` VALUES ('529', '1000244010', '133', '3', '0', '0', '0', '2015-08-11', '0000-00-00', '，', null, '0');
INSERT INTO `post` VALUES ('530', '1000244009', '133', '3', '0', '0', '0', '2015-08-11', '0000-00-00', '谁帮忙解释一下第二跟第三条？', null, '0');
INSERT INTO `post` VALUES ('531', '1000240065', '142', '3', '0', '0', '0', '2015-08-11', '0000-00-00', 'format（String, Object[]）参数（String, int）不适用（已解决', null, '0');
INSERT INTO `post` VALUES ('532', '1000240026', '512', '3', '0', '0', '0', '2015-08-11', '0000-00-00', '为什么在获得hash表元素数量那儿需要输入10', null, '0');
INSERT INTO `post` VALUES ('533', '1000240024', '242', '3', '0', '0', '0', '2015-08-11', '0000-00-00', '关于第三周作业的疑问', null, '0');
INSERT INTO `post` VALUES ('534', '1000241025', '514', '3', '0', '0', '0', '2015-08-11', '0000-00-00', '我调试的时候出现这种情况是怎么回事？我找了些资料都没解决！', null, '0');
INSERT INTO `post` VALUES ('535', '1000241021', '515', '3', '0', '0', '0', '2015-08-11', '0000-00-00', '关于shapes', null, '0');
INSERT INTO `post` VALUES ('536', '1000236005', '516', '3', '0', '0', '0', '2015-08-11', '0000-00-00', 'ArrayList有二维的吗', null, '0');
INSERT INTO `post` VALUES ('537', '1000236003', '170', '3', '0', '0', '0', '2015-08-11', '0000-00-00', 'MP3', null, '0');
INSERT INTO `post` VALUES ('538', '1000234052', '249', '3', '0', '0', '0', '2015-08-11', '0000-00-00', '关于第二周作业，最后的toString方法', null, '0');
INSERT INTO `post` VALUES ('539', '1000231023', '519', '3', '0', '0', '0', '2015-08-11', '0000-00-00', '听了一单元的，还不错呢', null, '0');
INSERT INTO `post` VALUES ('540', '1000230039', '520', '3', '0', '0', '0', '2015-08-11', '0000-00-00', 'final本地变量被方法内部类所用的时候生存周期延长了吗', null, '0');

-- ----------------------------
-- Table structure for term
-- ----------------------------
DROP TABLE IF EXISTS `term`;
CREATE TABLE `term` (
  `id` int(11) NOT NULL AUTO_INCREMENT,
  `term_id` varchar(100) NOT NULL,
  `course` int(11) DEFAULT NULL,
  PRIMARY KEY (`id`),
  UNIQUE KEY `id` (`id`) USING BTREE,
  UNIQUE KEY `term_id` (`term_id`),
  KEY `course` (`course`),
  CONSTRAINT `course` FOREIGN KEY (`course`) REFERENCES `course` (`id`) ON DELETE NO ACTION ON UPDATE NO ACTION
) ENGINE=InnoDB AUTO_INCREMENT=85 DEFAULT CHARSET=utf8;

-- ----------------------------
-- Records of term
-- ----------------------------
INSERT INTO `term` VALUES ('2', '1000002010', '1');
INSERT INTO `term` VALUES ('3', '1000005000', '2');
INSERT INTO `term` VALUES ('4', '1000003007', '3');
INSERT INTO `term` VALUES ('5', '2001218000', '3');
INSERT INTO `term` VALUES ('6', '1000004000', '4');
INSERT INTO `term` VALUES ('7', '2001248000', '4');
INSERT INTO `term` VALUES ('8', '1000002015', '5');
INSERT INTO `term` VALUES ('9', '1000064000', '5');
INSERT INTO `term` VALUES ('10', '2001221002', '5');
INSERT INTO `term` VALUES ('11', '2001223009', '5');
INSERT INTO `term` VALUES ('12', '503005', '6');
INSERT INTO `term` VALUES ('13', '1001670001', '6');
INSERT INTO `term` VALUES ('14', '1000003006', '7');
INSERT INTO `term` VALUES ('15', '1000004007', '8');
INSERT INTO `term` VALUES ('16', '1000005004', '9');
INSERT INTO `term` VALUES ('17', '184003', '10');
INSERT INTO `term` VALUES ('18', '427004', '10');
INSERT INTO `term` VALUES ('19', '244003', '11');
INSERT INTO `term` VALUES ('20', '431004', '11');
INSERT INTO `term` VALUES ('21', '1000002016', '12');
INSERT INTO `term` VALUES ('22', '1000157019', '12');
INSERT INTO `term` VALUES ('23', '1000004006', '13');
INSERT INTO `term` VALUES ('24', '2001228006', '13');
INSERT INTO `term` VALUES ('25', '1000044001', '14');
INSERT INTO `term` VALUES ('26', '2001210001', '14');
INSERT INTO `term` VALUES ('27', '1000003009', '15');
INSERT INTO `term` VALUES ('28', '2001216004', '15');
INSERT INTO `term` VALUES ('29', '2001223008', '15');
INSERT INTO `term` VALUES ('30', '1000002001', '17');
INSERT INTO `term` VALUES ('31', '1000003001', '18');
INSERT INTO `term` VALUES ('32', '1000002002', '19');
INSERT INTO `term` VALUES ('33', '1000003010', '20');
INSERT INTO `term` VALUES ('34', '1000055000', '20');
INSERT INTO `term` VALUES ('35', '1000005001', '21');
INSERT INTO `term` VALUES ('36', '1000002017', '28');
INSERT INTO `term` VALUES ('37', '2001223002', '28');
INSERT INTO `term` VALUES ('38', '2001224002', '28');
INSERT INTO `term` VALUES ('39', '1000039001', '29');
INSERT INTO `term` VALUES ('40', '2001223001', '29');
INSERT INTO `term` VALUES ('41', '1000003003', '30');
INSERT INTO `term` VALUES ('42', '1000081002', '30');
INSERT INTO `term` VALUES ('43', '1000003000', '33');
INSERT INTO `term` VALUES ('44', '1000070000', '33');
INSERT INTO `term` VALUES ('45', '1000002003', '34');
INSERT INTO `term` VALUES ('46', '1000003004', '35');
INSERT INTO `term` VALUES ('47', '1000003005', '36');
INSERT INTO `term` VALUES ('48', '1000002008', '37');
INSERT INTO `term` VALUES ('49', '1000003008', '38');
INSERT INTO `term` VALUES ('50', '2001217001', '38');
INSERT INTO `term` VALUES ('51', '1000005010', '39');
INSERT INTO `term` VALUES ('52', '2001217002', '39');
INSERT INTO `term` VALUES ('53', '1000005011', '40');
INSERT INTO `term` VALUES ('54', '2001216003', '40');
INSERT INTO `term` VALUES ('55', '1000003011', '41');
INSERT INTO `term` VALUES ('56', '1000002011', '42');
INSERT INTO `term` VALUES ('57', '1000039000', '44');
INSERT INTO `term` VALUES ('58', '2001217003', '44');
INSERT INTO `term` VALUES ('59', '1001588002', '45');
INSERT INTO `term` VALUES ('60', '1001628044', '46');
INSERT INTO `term` VALUES ('61', '1001652002', '47');
INSERT INTO `term` VALUES ('62', '53002', '48');
INSERT INTO `term` VALUES ('63', '264001', '48');
INSERT INTO `term` VALUES ('64', '376008', '48');
INSERT INTO `term` VALUES ('65', '1001637002', '48');
INSERT INTO `term` VALUES ('66', '1000170002', '49');
INSERT INTO `term` VALUES ('67', '1000003015', '50');
INSERT INTO `term` VALUES ('68', '1000113000', '50');
INSERT INTO `term` VALUES ('69', '2001216001', '50');
INSERT INTO `term` VALUES ('70', '2001232004', '50');
INSERT INTO `term` VALUES ('71', '1000003016', '51');
INSERT INTO `term` VALUES ('72', '1000121000', '51');
INSERT INTO `term` VALUES ('73', '1000014000', '52');
INSERT INTO `term` VALUES ('74', '1000002014', '54');
INSERT INTO `term` VALUES ('75', '2001223000', '54');
INSERT INTO `term` VALUES ('76', '2001223010', '54');
INSERT INTO `term` VALUES ('77', '1000004008', '55');
INSERT INTO `term` VALUES ('78', '1000005005', '56');
INSERT INTO `term` VALUES ('79', '1000037000', '57');
INSERT INTO `term` VALUES ('80', '2001214000', '57');
INSERT INTO `term` VALUES ('81', '1000003014', '58');
INSERT INTO `term` VALUES ('82', '1000003013', '60');
INSERT INTO `term` VALUES ('83', '2001226021', '60');
INSERT INTO `term` VALUES ('84', '1000002009', '61');

-- ----------------------------
-- Table structure for user
-- ----------------------------
DROP TABLE IF EXISTS `user`;
CREATE TABLE `user` (
  `id` int(11) NOT NULL AUTO_INCREMENT,
  `uid` varchar(100) NOT NULL,
  `username` varchar(100) DEFAULT NULL,
  `is_teacher` tinyint(4) DEFAULT '0',
  PRIMARY KEY (`id`),
  UNIQUE KEY `uid` (`uid`) USING BTREE
) ENGINE=InnoDB AUTO_INCREMENT=525 DEFAULT CHARSET=utf8;

-- ----------------------------
-- Records of user
-- ----------------------------
INSERT INTO `user` VALUES ('1', '318013', '翁恺', '1');
INSERT INTO `user` VALUES ('68', '7802619', 'RobertLoL', '0');
INSERT INTO `user` VALUES ('70', '3799890', 'ZTFtrue', '0');
INSERT INTO `user` VALUES ('71', '2868508', '萌面大道', '0');
INSERT INTO `user` VALUES ('72', '4060144', '箫聚星月', '0');
INSERT INTO `user` VALUES ('74', '2366481', '唐晓阳', '0');
INSERT INTO `user` VALUES ('75', '6386247', '小田一号', '0');
INSERT INTO `user` VALUES ('76', '3554209', 'lsqmxqn', '0');
INSERT INTO `user` VALUES ('77', '7643714', 'wil00', '0');
INSERT INTO `user` VALUES ('78', '8286809', '王子李', '0');
INSERT INTO `user` VALUES ('79', '4523421', '风过无涛', '0');
INSERT INTO `user` VALUES ('80', '1695325', '小小如', '0');
INSERT INTO `user` VALUES ('81', '6054099', '一路向北丶', '0');
INSERT INTO `user` VALUES ('83', '4034986', 'crazyzhou', '0');
INSERT INTO `user` VALUES ('84', '2018682', '41度C', '0');
INSERT INTO `user` VALUES ('85', '594094', 'fulalaxl', '0');
INSERT INTO `user` VALUES ('86', '1225537', '夏末的秋千', '0');
INSERT INTO `user` VALUES ('87', '5640564', '旅行电吹风', '0');
INSERT INTO `user` VALUES ('89', '5134685', '花贼', '0');
INSERT INTO `user` VALUES ('91', '6434175', 'swatghc', '0');
INSERT INTO `user` VALUES ('92', '1091771', 'NoodlesWang', '0');
INSERT INTO `user` VALUES ('94', '7339418', 'owenzhu928', '0');
INSERT INTO `user` VALUES ('95', '3822548', 'eightwind', '0');
INSERT INTO `user` VALUES ('96', '2234610', '络', '0');
INSERT INTO `user` VALUES ('97', '7884047', '爱蚊子的静宝', '0');
INSERT INTO `user` VALUES ('98', '5368059', 'TLiUSC', '0');
INSERT INTO `user` VALUES ('99', '3262305', 'Defined2014', '0');
INSERT INTO `user` VALUES ('100', '5370137', '7803163', '0');
INSERT INTO `user` VALUES ('102', '4665637', '千里冰封ykt1420204677433', '0');
INSERT INTO `user` VALUES ('103', '6321078', '星满天下丶', '0');
INSERT INTO `user` VALUES ('104', '1168523', 'epkkk', '0');
INSERT INTO `user` VALUES ('105', '1503497', 'joaboo', '0');
INSERT INTO `user` VALUES ('107', '4627245', '散落吧千本樱', '0');
INSERT INTO `user` VALUES ('108', '858946', 'leist520', '0');
INSERT INTO `user` VALUES ('109', '1533356', '凝神长老', '0');
INSERT INTO `user` VALUES ('110', '5224019', 'hzg625', '0');
INSERT INTO `user` VALUES ('111', '7884856', '四海一心L', '0');
INSERT INTO `user` VALUES ('112', '7839852', 'underSky', '0');
INSERT INTO `user` VALUES ('113', '7557366', '代购各国飞机', '0');
INSERT INTO `user` VALUES ('114', '4942112', '光哥很霸气', '0');
INSERT INTO `user` VALUES ('115', '6653016', 'jonymoon', '0');
INSERT INTO `user` VALUES ('116', '5387934', 'Nelsonlin', '0');
INSERT INTO `user` VALUES ('117', '7868286', 'wjxalexander', '0');
INSERT INTO `user` VALUES ('118', '5425296', '176mod', '0');
INSERT INTO `user` VALUES ('121', '3087981', '刘新1', '0');
INSERT INTO `user` VALUES ('122', '1311494', '臭彤烂铁', '0');
INSERT INTO `user` VALUES ('123', '2531954', 'rru', '0');
INSERT INTO `user` VALUES ('124', '4440944', '挥笔即墨114', '0');
INSERT INTO `user` VALUES ('126', '4587833', '550889936', '0');
INSERT INTO `user` VALUES ('128', '3407183', 'betterangelagogogo', '0');
INSERT INTO `user` VALUES ('130', '1647250', 'chenyun008feng', '0');
INSERT INTO `user` VALUES ('133', '4603956', 'ChengKwunKei', '0');
INSERT INTO `user` VALUES ('134', '4090527', '你想法太多', '0');
INSERT INTO `user` VALUES ('136', '3387594', 'emilyliu0815', '0');
INSERT INTO `user` VALUES ('137', '8344896', 'm15221863975', '0');
INSERT INTO `user` VALUES ('138', '5178839', '123123123213213121231231', '0');
INSERT INTO `user` VALUES ('140', '7940406', 'KON空', '0');
INSERT INTO `user` VALUES ('141', '2124489', 'Acalm', '0');
INSERT INTO `user` VALUES ('142', '1717055', 'huangrui1888', '0');
INSERT INTO `user` VALUES ('144', '8221411', 'Times信', '0');
INSERT INTO `user` VALUES ('146', '885821', 'Robert熙', '0');
INSERT INTO `user` VALUES ('147', '8267532', 'captainTri', '0');
INSERT INTO `user` VALUES ('148', '663004', '卓焱', '0');
INSERT INTO `user` VALUES ('149', '4424847', 'lawrence7521study', '0');
INSERT INTO `user` VALUES ('150', '1410593', '李阿昀', '0');
INSERT INTO `user` VALUES ('151', '4226465', 'TAstudy1', '0');
INSERT INTO `user` VALUES ('152', '984339', 'Andrew0313', '0');
INSERT INTO `user` VALUES ('153', '3808216', '黑色的小舞', '0');
INSERT INTO `user` VALUES ('155', '6134324', '灬风暴熊猫灬', '0');
INSERT INTO `user` VALUES ('156', '609825', 'Tails', '0');
INSERT INTO `user` VALUES ('158', '5571119', '在水一方ykt1427368491834', '0');
INSERT INTO `user` VALUES ('159', '7303456', '咸甜适中', '0');
INSERT INTO `user` VALUES ('160', '4652978', 'dengxinhuanyeahnet', '0');
INSERT INTO `user` VALUES ('161', '3810264', '人丑就该多学习', '0');
INSERT INTO `user` VALUES ('164', '7859522', '95han', '0');
INSERT INTO `user` VALUES ('166', '8171668', '咖啡之翼', '0');
INSERT INTO `user` VALUES ('167', '6023710', 'barcelono', '0');
INSERT INTO `user` VALUES ('168', '6002005', '西北大道', '0');
INSERT INTO `user` VALUES ('170', '4508368', 'InfiniteYuan', '0');
INSERT INTO `user` VALUES ('171', '6246045', 'please8878', '0');
INSERT INTO `user` VALUES ('172', '3516064', 'jiang5893', '0');
INSERT INTO `user` VALUES ('173', '7328597', 'melor92', '0');
INSERT INTO `user` VALUES ('174', '8035966', 'cyscys14', '0');
INSERT INTO `user` VALUES ('175', '3634098', '大咕噜圈', '0');
INSERT INTO `user` VALUES ('176', '4207420', 'yistudy2', '0');
INSERT INTO `user` VALUES ('178', '5798207', 'TangWeiMeng', '0');
INSERT INTO `user` VALUES ('179', '4847509', 'gentlestudy', '0');
INSERT INTO `user` VALUES ('180', '6115082', '←噢耶噢喽噢呗比←', '0');
INSERT INTO `user` VALUES ('181', '4872729', '我是张耀轩我长大啦：¥', '0');
INSERT INTO `user` VALUES ('182', '2220032', 'wuhanson126com', '0');
INSERT INTO `user` VALUES ('185', '7461950', '‎‎', '0');
INSERT INTO `user` VALUES ('186', '1980752', 'AmonSmith', '0');
INSERT INTO `user` VALUES ('187', '4579510', '丨子陵', '0');
INSERT INTO `user` VALUES ('188', '7881189', '潇琛', '0');
INSERT INTO `user` VALUES ('190', '1348139', 'JUSTNOW', '0');
INSERT INTO `user` VALUES ('192', '1223842', '罗小贱', '0');
INSERT INTO `user` VALUES ('193', '5524111', '流水不腐户枢不蠹', '0');
INSERT INTO `user` VALUES ('197', '3904359', 'SEI的梦想', '0');
INSERT INTO `user` VALUES ('198', '5561178', '吾累', '0');
INSERT INTO `user` VALUES ('202', '6107723', '幻若灵释', '0');
INSERT INTO `user` VALUES ('206', '3158402', 'duyufei', '0');
INSERT INTO `user` VALUES ('208', '778384', '郭元成', '0');
INSERT INTO `user` VALUES ('210', '1654768', 'wish0123', '0');
INSERT INTO `user` VALUES ('212', '3720945', '穆磕磕', '0');
INSERT INTO `user` VALUES ('213', '9126371', 'HiddnLynx', '0');
INSERT INTO `user` VALUES ('215', '8007205', 'cameraL7', '0');
INSERT INTO `user` VALUES ('216', '3884336', '我想去浙大', '0');
INSERT INTO `user` VALUES ('218', '2255192', 'huguanghuyi', '0');
INSERT INTO `user` VALUES ('219', '5453671', 'yinghdb', '0');
INSERT INTO `user` VALUES ('224', '5914977', 'Japinl', '0');
INSERT INTO `user` VALUES ('225', '2441426', 'kevw22', '0');
INSERT INTO `user` VALUES ('227', '8224799', 'survivorhf', '0');
INSERT INTO `user` VALUES ('231', '4713542', '我是好学之徒', '0');
INSERT INTO `user` VALUES ('233', '3396630', '心会疼', '0');
INSERT INTO `user` VALUES ('236', '970680', '风之凌殇', '0');
INSERT INTO `user` VALUES ('237', '4789630', 'SebastianChen', '0');
INSERT INTO `user` VALUES ('238', '610018', 'oukaifu', '0');
INSERT INTO `user` VALUES ('239', '2266061', 'shadi', '0');
INSERT INTO `user` VALUES ('240', '5613632', '當我唱起這首歌', '0');
INSERT INTO `user` VALUES ('241', '1938132', '王彦强', '0');
INSERT INTO `user` VALUES ('242', '8297882', 'hellobabysun', '0');
INSERT INTO `user` VALUES ('245', '2292250', 'heimoly', '0');
INSERT INTO `user` VALUES ('246', '8348227', 'FudgeBear誓死要当程序猿', '0');
INSERT INTO `user` VALUES ('249', '3676055', '啊宅', '0');
INSERT INTO `user` VALUES ('250', '7432400', '小苹果12138', '0');
INSERT INTO `user` VALUES ('251', '7432976', '东单蔡程', '0');
INSERT INTO `user` VALUES ('252', '2302136', '三省吾身丶丶', '0');
INSERT INTO `user` VALUES ('254', '6242469', '427705034', '0');
INSERT INTO `user` VALUES ('255', '3367171', 'ruinb0w', '0');
INSERT INTO `user` VALUES ('256', '2349584', 'antiver', '0');
INSERT INTO `user` VALUES ('257', '7726475', 'DioV', '0');
INSERT INTO `user` VALUES ('259', '8226209', '香我', '0');
INSERT INTO `user` VALUES ('261', '469424', 'chizengkun', '0');
INSERT INTO `user` VALUES ('262', '6134104', 'Jhonsen', '0');
INSERT INTO `user` VALUES ('264', '1955086', 'leaveookala163com', '0');
INSERT INTO `user` VALUES ('265', '3387592', '翎月', '0');
INSERT INTO `user` VALUES ('268', '2955460', 'paine1690', '0');
INSERT INTO `user` VALUES ('269', '6840325', '你也叫Xhw', '0');
INSERT INTO `user` VALUES ('270', '7942224', 'D5E1DDC978245C72A1B160AC402CEDCB', '0');
INSERT INTO `user` VALUES ('272', '2857747', '下雨看世界', '0');
INSERT INTO `user` VALUES ('275', '2434928', 'cloudburst', '0');
INSERT INTO `user` VALUES ('277', '1353650', 'hzliuqw', '0');
INSERT INTO `user` VALUES ('278', '5423797', 'KittyPrince', '0');
INSERT INTO `user` VALUES ('283', '7773099', '能力就是实力', '0');
INSERT INTO `user` VALUES ('287', '3802770', 'AcrShao', '0');
INSERT INTO `user` VALUES ('289', '1074047', '时间很紧', '0');
INSERT INTO `user` VALUES ('290', '528239', '小雨', '0');
INSERT INTO `user` VALUES ('291', '1760330', 'fanzh', '0');
INSERT INTO `user` VALUES ('292', '894242', 'mingxing47', '0');
INSERT INTO `user` VALUES ('294', '5218723', 'flowerl', '0');
INSERT INTO `user` VALUES ('295', '7585957', 'MinD', '0');
INSERT INTO `user` VALUES ('296', '7737689', '随心2015', '0');
INSERT INTO `user` VALUES ('297', '5549151', '。无', '0');
INSERT INTO `user` VALUES ('298', '1750369', '杰奏', '0');
INSERT INTO `user` VALUES ('299', '7392551', '一颗好奇心', '0');
INSERT INTO `user` VALUES ('302', '1342373', 'tldxk', '0');
INSERT INTO `user` VALUES ('303', '5353059', 'guanpeibj', '0');
INSERT INTO `user` VALUES ('305', '7767358', 'gamyh', '0');
INSERT INTO `user` VALUES ('306', '4549610', 'Bonacci', '0');
INSERT INTO `user` VALUES ('307', '4693588', 'erDaren', '0');
INSERT INTO `user` VALUES ('308', '5489582', 'm18251936312', '0');
INSERT INTO `user` VALUES ('309', '10397786', '黄云斌为自己带盐', '0');
INSERT INTO `user` VALUES ('311', '5063085', 'm15965725737163com', '0');
INSERT INTO `user` VALUES ('313', '9624588', 'zero2max', '0');
INSERT INTO `user` VALUES ('315', '3112059', '＆Nathanks№', '0');
INSERT INTO `user` VALUES ('317', '6500545', 'STFocus', '0');
INSERT INTO `user` VALUES ('322', '1644661', '快乐的大脚', '0');
INSERT INTO `user` VALUES ('328', '1323006', 'songjasmine', '0');
INSERT INTO `user` VALUES ('330', '3513413', '404463422', '0');
INSERT INTO `user` VALUES ('333', '5430380', 'test123123', '0');
INSERT INTO `user` VALUES ('339', '4873025', 'jerry980517', '0');
INSERT INTO `user` VALUES ('341', '4025721', 'huzhixiang', '0');
INSERT INTO `user` VALUES ('342', '1835968', 'xiao_cai33', '0');
INSERT INTO `user` VALUES ('343', '5066795', 'ydia', '0');
INSERT INTO `user` VALUES ('344', '5005234', '王纪', '0');
INSERT INTO `user` VALUES ('345', '3474053', 'lxsenactus', '0');
INSERT INTO `user` VALUES ('347', '6523077', '菲尔很帅', '0');
INSERT INTO `user` VALUES ('348', '4468943', '我只是不想上课', '0');
INSERT INTO `user` VALUES ('351', '3223657', '纵心一跃', '0');
INSERT INTO `user` VALUES ('352', '2401810', '七禾叶', '0');
INSERT INTO `user` VALUES ('353', '2170797', 'yipianfan', '0');
INSERT INTO `user` VALUES ('354', '9067253', '林同学33', '0');
INSERT INTO `user` VALUES ('355', '4897205', '安静的忘记', '0');
INSERT INTO `user` VALUES ('356', '5549678', 'ahwhzy', '0');
INSERT INTO `user` VALUES ('359', '8331887', '蛋蛋ykt1438064371051', '0');
INSERT INTO `user` VALUES ('365', '4059919', 'lejj', '0');
INSERT INTO `user` VALUES ('366', '2022613', 'Cng', '0');
INSERT INTO `user` VALUES ('369', '3165523', 'herestudy1', '0');
INSERT INTO `user` VALUES ('371', '702811', '呵一呵', '0');
INSERT INTO `user` VALUES ('373', '5886645', 'LLL-热热热热热', '0');
INSERT INTO `user` VALUES ('374', '4562499', 'yuantongxin', '0');
INSERT INTO `user` VALUES ('375', '7825781', 'Gavin Lee', '0');
INSERT INTO `user` VALUES ('377', '1821553', '812cc', '0');
INSERT INTO `user` VALUES ('380', '5369103', 'duxin247', '0');
INSERT INTO `user` VALUES ('382', '8063360', '1277濠', '0');
INSERT INTO `user` VALUES ('383', '6342582', '为梦想来奋斗', '0');
INSERT INTO `user` VALUES ('384', '2826164', 'zequn12163com', '0');
INSERT INTO `user` VALUES ('385', '3186770', 'Yong82', '0');
INSERT INTO `user` VALUES ('389', '6847816', '5f961f6fcb', '0');
INSERT INTO `user` VALUES ('397', '7298451', 'm13415030925', '0');
INSERT INTO `user` VALUES ('400', '1829667', '樊高阳', '0');
INSERT INTO `user` VALUES ('401', '5639606', 'ZU3120103469', '0');
INSERT INTO `user` VALUES ('407', '5169316', 'whu2015281040159', '0');
INSERT INTO `user` VALUES ('412', '8139157', 'Breeze5', '0');
INSERT INTO `user` VALUES ('415', '570385', 'LZJing', '0');
INSERT INTO `user` VALUES ('416', '7880446', '海丶岚', '0');
INSERT INTO `user` VALUES ('418', '1767376', 'Grivaty', '0');
INSERT INTO `user` VALUES ('419', '662591', '段都', '0');
INSERT INTO `user` VALUES ('421', '5465111', 'doppler', '0');
INSERT INTO `user` VALUES ('423', '3032094', 'mpyhx1989', '0');
INSERT INTO `user` VALUES ('435', '1315007', 'hezhoudream', '0');
INSERT INTO `user` VALUES ('436', '7739157', '阿拉丁ykt1435643590372', '0');
INSERT INTO `user` VALUES ('438', '6522674', 'm18630660189', '0');
INSERT INTO `user` VALUES ('440', '4710762', 'gannidayezj', '0');
INSERT INTO `user` VALUES ('441', '4046570', 'unclesugar', '0');
INSERT INTO `user` VALUES ('443', '8086016', '卡布奇諾苦澀的甘甜', '0');
INSERT INTO `user` VALUES ('447', '3509715', '冷血love', '0');
INSERT INTO `user` VALUES ('451', '6961072', '悟半', '0');
INSERT INTO `user` VALUES ('452', '5078099', 'NBA人物', '0');
INSERT INTO `user` VALUES ('453', '1263294', 'spellsnow', '0');
INSERT INTO `user` VALUES ('455', '5826065', 'ZSeaward', '0');
INSERT INTO `user` VALUES ('461', '5931537', '小狼啊小狼啊', '0');
INSERT INTO `user` VALUES ('462', '1016663693', '你的眼睛要看海', '0');
INSERT INTO `user` VALUES ('463', '1017042602', '5733admin', '0');
INSERT INTO `user` VALUES ('465', '4680063', 'm15713684286', '0');
INSERT INTO `user` VALUES ('466', '6162988', 'Deny5601', '0');
INSERT INTO `user` VALUES ('469', '3550457', '萌哒鱼', '0');
INSERT INTO `user` VALUES ('470', '5225922', 'starriddle', '0');
INSERT INTO `user` VALUES ('473', '587171', 'm15522962525', '0');
INSERT INTO `user` VALUES ('475', '4918512', 'tooo', '0');
INSERT INTO `user` VALUES ('476', '7776032', 'L缘梦', '0');
INSERT INTO `user` VALUES ('479', '7642907', '孤僻症', '0');
INSERT INTO `user` VALUES ('481', '4602596', '小米q', '0');
INSERT INTO `user` VALUES ('485', '3377544', 'm18037117183', '0');
INSERT INTO `user` VALUES ('486', '9097170', 'trlffv', '0');
INSERT INTO `user` VALUES ('488', '3705456', 'Cloisonne', '0');
INSERT INTO `user` VALUES ('489', '2234524', 'ut4341', '0');
INSERT INTO `user` VALUES ('492', '4432821', '豆沙馅包子', '0');
INSERT INTO `user` VALUES ('496', '3932626', 'devilwei', '0');
INSERT INTO `user` VALUES ('499', '5158023', 'woshifantong126com', '0');
INSERT INTO `user` VALUES ('501', '679487', 'QCholocate', '0');
INSERT INTO `user` VALUES ('505', '3574899', '阿喵他妈', '0');
INSERT INTO `user` VALUES ('506', '2386841', '波风旻门', '0');
INSERT INTO `user` VALUES ('508', '7773045', 'tsmallnew', '0');
INSERT INTO `user` VALUES ('512', '1412140', 'windysolo', '0');
INSERT INTO `user` VALUES ('514', '8248541', 'Tomgs', '0');
INSERT INTO `user` VALUES ('515', '5403929', '锋爷', '0');
INSERT INTO `user` VALUES ('516', '2235567', '869406470', '0');
INSERT INTO `user` VALUES ('519', '8122229', 'fengtiangui', '0');
INSERT INTO `user` VALUES ('520', '8236484', 'm18039277505', '0');
INSERT INTO `user` VALUES ('521', '8113503', 'Aaronapple', '0');
